"StateAbbr","TractFIPS","TotalPop18plus","BINGE_CrudePrev","CSMOKING_CrudePrev","LPA_CrudePrev","BPHIGH_CrudePrev","HIGHCHOL_CrudePrev","DIABETES_CrudePrev","OBESITY_CrudePrev","STROKE_CrudePrev"
"CT","09110400101","2,483","14.3","9.9","23.9","36.4","44.0","11.4","28.7","3.7"
"CT","09110400102","3,500","16.5","10.5","21.7","32.8","41.3","10.4","30.1","3.0"
"CT","09110400200","4,839","16.6","9.6","20.4","32.1","41.8","9.7","28.1","2.9"
"CT","09110400300","5,645","16.3","9.8","21.2","32.8","41.7","9.9","28.6","3.1"
"CT","09110415300","1,735","15.3","18.4","40.9","32.2","35.4","14.0","41.4","3.5"
"CT","09110415400","4,592","16.0","14.1","33.4","31.5","36.7","12.3","36.7","3.2"
"CT","09110415500","2,253","15.1","18.2","40.2","33.1","37.3","14.2","39.1","3.8"
"CT","09110415600","3,108","13.2","19.1","43.4","38.5","40.1","17.6","42.2","4.9"
"CT","09110415700","2,479","16.8","12.0","27.7","29.9","35.9","10.7","35.2","2.8"
"CT","09110415800","2,302","12.9","17.1","39.9","40.9","41.9","17.3","39.5","5.3"
"CT","09110415900","1,253","14.1","21.4","44.3","37.6","40.1","17.4","42.3","4.8"
"CT","09110416000","3,479","15.1","20.1","39.5","35.8","38.3","15.1","41.4","4.2"
"CT","09110416100","3,601","14.5","18.7","42.9","34.0","37.8","15.9","41.1","4.0"
"CT","09110416200","2,170","12.7","22.7","51.1","38.2","39.3","20.1","46.2","5.2"
"CT","09110416300","2,919","13.7","18.6","41.2","38.5","40.9","17.5","41.5","4.7"
"CT","09110416400","2,698","15.9","9.0","22.0","32.3","40.6","10.3","30.0","3.0"
"CT","09110416500","3,732","15.7","13.9","32.0","32.5","38.0","12.6","36.0","3.3"
"CT","09110416600","2,263","13.5","17.4","41.8","36.7","39.7","16.4","40.2","4.6"
"CT","09110416700","5,270","14.7","15.2","34.7","35.0","39.7","14.2","37.1","3.9"
"CT","09110416800","2,522","17.2","11.3","26.2","29.3","36.5","10.3","32.1","2.8"
"CT","09110417100","1,499","13.0","22.7","48.1","39.9","40.5","19.9","44.6","5.5"
"CT","09110417200","1,438","16.6","12.8","29.1","28.9","33.2","10.8","35.0","2.9"
"CT","09110417300","2,038","17.1","15.5","36.7","18.3","16.5","3.5","36.0","1.1"
"CT","09110417400","2,626","15.6","10.1","24.2","30.6","37.9","10.3","29.3","3.0"
"CT","09110417500","3,608","15.6","11.5","26.5","33.8","40.4","11.7","32.4","3.4"
"CT","09110420400","2,410","17.3","10.3","21.0","30.9","39.9","9.3","29.3","2.8"
"CT","09110420500","4,445","17.2","12.8","25.4","32.2","39.3","10.7","32.4","3.1"
"CT","09110420601","2,149","15.1","17.3","32.4","36.8","41.5","13.5","35.7","4.3"
"CT","09110420602","2,734","16.3","10.6","23.4","32.7","40.4","10.2","30.3","3.2"
"CT","09110420700","2,741","16.5","12.9","24.7","34.0","41.4","10.9","31.7","3.4"
"CT","09110430100","3,380","16.3","11.4","24.3","33.2","40.6","10.3","30.3","3.4"
"CT","09110430201","2,727","16.4","9.0","20.0","31.4","40.8","9.4","27.9","2.8"
"CT","09110430202","3,661","17.0","8.6","18.7","31.3","41.1","9.1","27.9","2.7"
"CT","09110430203","3,393","14.5","8.1","20.7","35.8","44.4","10.4","27.0","3.4"
"CT","09110430301","2,958","17.1","9.3","19.6","30.8","40.4","9.1","28.4","2.7"
"CT","09110430302","2,335","17.4","11.2","22.3","31.4","40.0","9.5","29.5","2.9"
"CT","09110430400","4,129","15.4","12.8","26.1","35.4","41.9","11.7","31.6","3.8"
"CT","09110430501","1,390","17.0","9.8","21.0","31.2","39.9","9.1","28.7","2.9"
"CT","09110430502","4,001","17.9","8.6","17.9","29.4","39.6","8.4","27.9","2.5"
"CT","09110430602","2,716","17.4","9.9","20.5","30.3","39.5","9.0","28.8","2.7"
"CT","09110430603","1,695","15.4","12.4","26.1","33.9","40.9","11.3","31.6","3.5"
"CT","09110430604","2,415","15.4","9.2","21.0","33.7","42.8","10.1","27.7","3.2"
"CT","09110460100","2,781","13.3","7.9","22.1","35.1","43.8","10.9","25.8","3.4"
"CT","09110460202","3,937","16.3","7.4","18.4","29.5","39.2","8.9","26.6","2.5"
"CT","09110460203","2,561","15.3","6.1","17.0","29.2","39.9","8.4","24.4","2.4"
"CT","09110460204","4,909","14.5","8.1","20.5","31.9","41.7","10.0","26.4","2.9"
"CT","09110460301","3,925","16.8","7.9","18.2","30.3","40.1","9.0","27.9","2.5"
"CT","09110460302","3,064","15.9","8.5","19.7","31.3","41.1","9.5","27.5","2.8"
"CT","09110462101","4,800","15.1","7.4","18.7","32.7","42.3","9.8","27.1","2.9"
"CT","09110462102","3,095","16.7","6.3","15.5","27.4","39.6","8.0","25.0","2.1"
"CT","09110462201","4,366","15.0","8.1","20.3","33.1","42.3","9.9","27.0","3.1"
"CT","09110462202","2,323","14.6","6.0","17.0","31.3","42.0","9.2","25.0","2.6"
"CT","09110464101","4,028","17.0","8.8","18.4","31.9","41.4","9.4","29.1","2.8"
"CT","09110464102","3,964","16.2","7.8","18.5","32.2","41.5","9.4","27.9","2.8"
"CT","09110466101","4,503","16.7","6.4","16.0","29.9","40.6","8.4","26.4","2.4"
"CT","09110466102","4,135","17.9","6.9","15.8","27.7","38.7","7.9","26.9","2.2"
"CT","09110466201","2,098","16.1","10.3","22.2","32.5","40.0","10.5","30.7","3.1"
"CT","09110466202","2,805","15.9","6.8","17.2","32.3","42.1","9.0","26.5","2.8"
"CT","09110466300","3,478","16.8","7.6","17.6","30.1","40.4","8.8","27.3","2.5"
"CT","09110466400","1,831","16.5","10.3","21.2","32.1","40.5","10.1","30.7","2.9"
"CT","09110468101","5,337","17.3","8.9","18.4","31.1","41.0","9.0","28.4","2.7"
"CT","09110468102","3,215","15.7","8.6","19.8","34.1","42.8","10.1","28.6","3.1"
"CT","09110470100","4,047","17.2","9.7","19.9","30.8","40.1","9.3","28.9","2.7"
"CT","09110471100","2,868","11.4","12.9","32.7","44.3","39.4","17.1","40.4","5.1"
"CT","09110471200","2,579","12.0","10.4","27.7","42.3","39.5","15.1","37.4","4.4"
"CT","09110471300","4,434","14.1","9.4","24.3","36.7","38.6","12.4","32.9","3.7"
"CT","09110471400","4,973","12.0","8.7","24.4","41.7","45.2","13.6","31.2","4.3"
"CT","09110471500","3,378","11.5","9.5","27.7","41.1","41.3","14.1","33.1","4.5"
"CT","09110473100","5,025","12.9","10.0","26.4","39.1","40.6","13.6","34.1","3.9"
"CT","09110473400","1,725","16.2","10.6","23.2","32.9","38.9","10.8","32.2","3.1"
"CT","09110473501","3,740","14.1","8.4","21.1","35.5","42.0","11.4","30.3","3.2"
"CT","09110473502","2,780","15.1","10.0","22.9","34.5","40.3","11.3","31.8","3.2"
"CT","09110473601","2,690","14.5","8.8","21.8","35.6","42.0","11.2","30.2","3.3"
"CT","09110473602","1,892","14.3","11.6","26.9","34.2","38.1","12.2","33.1","3.4"
"CT","09110473700","4,541","14.5","9.5","23.6","34.6","37.4","11.6","34.2","3.2"
"CT","09110473800","1,433","12.9","12.6","29.8","39.0","37.0","14.8","39.8","3.9"
"CT","09110476100","3,839","16.3","11.9","24.6","33.0","40.0","10.9","31.7","3.2"
"CT","09110476200","2,255","15.6","13.7","27.3","36.2","42.0","12.0","32.5","3.8"
"CT","09110476300","4,295","15.4","12.1","26.3","34.4","41.2","11.4","30.9","3.5"
"CT","09110477101","3,306","17.0","9.2","19.6","31.6","40.8","9.3","28.5","2.8"
"CT","09110477103","4,895","19.2","11.3","21.8","30.1","36.7","9.2","31.6","2.6"
"CT","09110477104","2,298","15.6","10.4","23.3","33.6","41.8","10.2","28.5","3.4"
"CT","09110477200","2,370","16.6","11.2","21.9","33.4","42.1","10.2","29.8","3.2"
"CT","09110480300","1,742","17.3","12.6","23.9","32.6","39.8","10.2","32.0","3.1"
"CT","09110480400","2,846","15.5","15.2","29.2","36.7","42.0","12.5","33.8","4.0"
"CT","09110480500","2,547","18.3","11.2","21.9","28.8","37.3","8.8","30.2","2.6"
"CT","09110480600","3,729","17.4","17.1","31.3","30.4","35.1","10.9","36.8","3.1"
"CT","09110480700","1,689","13.5","13.7","30.9","39.2","43.0","13.5","33.2","4.7"
"CT","09110480800","3,545","17.0","10.4","22.0","31.6","39.7","9.5","29.6","3.0"
"CT","09110480900","2,585","19.0","13.1","24.0","31.6","37.4","9.9","33.3","2.9"
"CT","09110481000","2,757","16.7","10.1","21.3","33.0","41.0","10.1","29.9","3.1"
"CT","09110481100","2,993","16.8","11.2","22.8","32.5","40.2","10.0","30.7","3.1"
"CT","09110481200","3,116","16.7","10.6","22.4","32.7","40.4","10.2","30.4","3.1"
"CT","09110481300","2,327","16.2","11.3","23.0","33.8","41.6","10.6","30.6","3.3"
"CT","09110484100","4,829","15.4","10.8","23.7","33.5","41.2","10.6","29.4","3.2"
"CT","09110484200","4,527","16.2","10.5","22.4","32.9","40.8","10.5","30.7","3.1"
"CT","09110487100","5,428","16.0","8.2","19.0","29.9","40.2","9.1","26.6","2.5"
"CT","09110487201","3,504","15.5","8.8","20.8","32.9","41.6","10.0","27.8","3.1"
"CT","09110487202","2,625","16.6","8.3","18.2","29.4","40.2","9.0","27.1","2.4"
"CT","09110487300","1,170","15.5","8.9","20.8","33.6","42.6","10.4","28.5","3.1"
"CT","09110487400","2,019","15.2","8.4","20.5","30.2","39.8","9.3","26.4","2.7"
"CT","09110487500","5,971","14.4","7.7","20.5","30.1","39.7","9.4","25.6","2.6"
"CT","09110490100","4,629","16.2","9.3","21.4","30.2","39.2","9.3","28.2","2.7"
"CT","09110490303","3,481","14.8","7.4","19.5","25.9","36.9","8.0","23.2","2.1"
"CT","09110490304","3,325","14.4","7.9","20.6","34.1","43.5","10.3","26.1","3.2"
"CT","09110492100","2,732","17.1","7.5","17.6","29.8","40.0","8.6","27.5","2.5"
"CT","09110492200","3,278","17.1","7.9","18.8","29.3","39.0","8.7","28.3","2.5"
"CT","09110492300","4,995","16.3","11.0","25.0","31.1","38.4","10.6","31.8","3.0"
"CT","09110492400","2,398","16.1","9.4","21.3","32.4","41.1","10.0","28.8","3.0"
"CT","09110492500","2,813","16.6","7.8","18.5","30.9","40.8","8.9","27.0","2.7"
"CT","09110492600","5,720","15.5","8.8","21.0","33.6","42.4","10.2","27.9","3.2"
"CT","09110494100","5,215","15.7","10.2","23.2","32.2","40.3","10.6","30.4","3.0"
"CT","09110494201","3,849","15.5","9.3","22.4","33.1","41.4","10.2","28.2","3.2"
"CT","09110494202","2,273","16.3","8.9","20.3","30.9","40.1","9.5","28.5","2.7"
"CT","09110494300","3,263","16.0","11.9","25.0","32.8","40.9","10.7","30.4","3.3"
"CT","09110494400","3,880","14.9","11.9","26.4","35.9","42.4","11.9","31.2","3.8"
"CT","09110494500","3,533","16.3","10.3","23.1","31.6","40.1","10.3","29.7","3.0"
"CT","09110494600","2,964","14.9","10.3","24.3","33.7","41.5","11.1","29.3","3.3"
"CT","09110496100","2,065","13.2","16.3","36.9","35.5","39.5","15.3","36.5","4.0"
"CT","09110496200","3,864","14.5","9.5","24.0","32.6","41.2","11.0","27.8","3.2"
"CT","09110496300","2,847","16.8","7.9","19.3","28.9","38.3","8.8","28.1","2.5"
"CT","09110496400","2,252","16.6","6.8","16.9","29.1","39.7","8.5","26.1","2.4"
"CT","09110496500","2,104","18.4","6.3","14.9","26.9","38.0","7.4","26.5","2.1"
"CT","09110496600","2,276","14.8","6.4","17.7","33.6","43.4","9.6","26.1","2.9"
"CT","09110496700","2,987","18.0","7.8","19.3","25.5","34.5","8.2","28.7","2.1"
"CT","09110496800","2,844","15.2","10.8","26.6","29.7","37.5","10.8","30.5","2.9"
"CT","09110496900","5,145","18.3","7.6","18.7","25.9","34.8","7.8","27.8","2.2"
"CT","09110497000","3,184","17.2","6.2","15.3","28.8","39.9","8.0","26.0","2.2"
"CT","09110497100","3,441","16.4","7.6","20.3","30.0","37.6","9.0","27.3","2.8"
"CT","09110497200","2,101","14.6","6.4","19.8","32.0","40.1","9.1","24.7","3.1"
"CT","09110497300","4,402","16.4","6.4","17.7","28.4","37.7","8.4","24.4","2.5"
"CT","09110497400","2,987","17.0","5.2","14.2","28.2","39.6","7.7","25.0","2.1"
"CT","09110497500","3,080","14.6","7.8","20.5","33.2","42.1","10.4","27.0","3.1"
"CT","09110497600","1,807","17.7","5.7","14.8","28.2","39.1","7.8","26.0","2.2"
"CT","09110497700","3,346","16.3","6.0","15.6","30.3","40.8","8.6","26.2","2.4"
"CT","09110500100","2,597","14.0","17.0","43.2","34.6","36.8","16.9","43.3","3.9"
"CT","09110500200","1,603","12.8","21.3","48.4","38.0","38.8","19.4","44.5","4.8"
"CT","09110500300","1,465","12.2","19.8","46.8","40.7","41.0","20.6","44.5","5.4"
"CT","09110500400","1,331","14.1","15.3","37.4","33.0","35.2","14.4","40.5","3.6"
"CT","09110500500","1,307","13.8","11.4","29.3","31.0","36.4","12.2","32.2","3.0"
"CT","09110500900","1,343","11.1","24.0","53.4","42.5","39.6","22.8","49.5","6.1"
"CT","09110501200","1,628","11.4","22.3","46.4","41.6","36.1","19.0","47.9","5.4"
"CT","09110501300","1,139","11.5","24.8","49.9","41.8","36.4","20.0","49.2","5.6"
"CT","09110501400","1,917","10.9","21.0","44.6","45.4","38.7","20.6","46.4","6.3"
"CT","09110501500","2,699","11.8","20.5","42.1","42.8","36.1","18.2","46.5","5.4"
"CT","09110501700","1,055","12.2","21.4","47.2","41.4","37.9","19.8","47.4","5.1"
"CT","09110501800","1,914","12.7","19.8","44.7","37.8","35.2","17.4","46.0","4.6"
"CT","09110502100","2,635","18.3","8.5","20.0","23.0","30.4","7.1","28.0","1.8"
"CT","09110502300","4,448","14.6","13.7","35.4","32.9","38.7","14.2","36.8","3.5"
"CT","09110502400","4,086","14.0","16.3","42.0","34.5","38.6","16.5","40.7","3.9"
"CT","09110502500","1,336","11.8","23.4","51.0","42.4","42.4","22.2","45.4","6.1"
"CT","09110502600","2,751","13.8","16.6","41.6","34.3","37.6","16.0","41.0","3.9"
"CT","09110502700","4,204","16.0","14.7","37.6","27.1","31.0","12.3","36.5","3.1"
"CT","09110502800","2,023","12.7","24.2","54.1","37.9","38.3","20.2","47.3","5.1"
"CT","09110502900","2,038","14.8","12.4","34.2","29.3","34.8","12.7","36.1","2.9"
"CT","09110503000","2,135","12.8","19.8","48.7","37.1","39.6","19.3","42.7","5.0"
"CT","09110503101","1,240","12.2","23.3","47.4","39.4","36.3","18.4","46.1","5.0"
"CT","09110503102","2,522","13.0","14.9","34.7","39.1","39.3","16.2","39.1","4.5"
"CT","09110503300","2,019","13.9","17.3","39.0","34.3","33.6","14.3","42.0","3.8"
"CT","09110503500","1,147","12.2","19.0","40.4","42.3","36.1","17.9","46.4","4.9"
"CT","09110503700","1,909","10.7","24.4","46.2","48.7","38.3","22.0","50.5","6.8"
"CT","09110503800","2,394","19.2","9.0","25.5","13.5","16.0","2.7","28.0","0.9"
"CT","09110503900","3,769","10.8","15.4","36.2","46.1","39.0","18.5","42.8","5.6"
"CT","09110504000","2,630","12.5","12.5","30.2","40.4","35.7","14.5","40.3","4.2"
"CT","09110504100","1,411","14.5","19.6","43.3","34.4","36.0","16.3","42.9","4.1"
"CT","09110504200","4,125","13.5","14.0","35.6","37.5","39.4","16.0","37.1","4.5"
"CT","09110504300","1,602","13.3","16.0","41.0","37.4","40.2","17.2","38.7","4.7"
"CT","09110504500","2,525","13.7","16.0","42.5","34.8","38.1","16.8","41.4","4.0"
"CT","09110504800","3,610","13.9","12.7","35.6","34.4","39.7","15.1","36.8","3.7"
"CT","09110504900","3,376","13.9","16.6","42.1","35.5","38.6","17.0","41.0","4.2"
"CT","09110510100","1,752","13.9","13.9","32.9","36.6","40.2","14.4","36.2","3.9"
"CT","09110510200","1,943","12.2","12.5","34.6","41.3","42.9","17.0","37.1","4.7"
"CT","09110510300","3,097","13.3","17.5","39.3","37.6","37.5","16.2","42.2","4.3"
"CT","09110510400","4,203","13.9","16.3","37.7","37.6","37.5","16.0","41.9","4.1"
"CT","09110510500","2,517","14.8","9.8","26.3","31.8","36.9","11.5","33.1","3.0"
"CT","09110510600","3,708","12.3","21.3","44.8","41.3","39.8","19.2","44.5","5.3"
"CT","09110510700","3,814","14.5","13.9","31.6","35.5","39.6","13.5","36.4","3.7"
"CT","09110510800","2,508","14.5","13.1","30.5","35.3","40.2","12.9","34.5","3.7"
"CT","09110510900","2,984","15.4","10.6","25.6","33.9","40.2","11.5","32.3","3.3"
"CT","09110511000","2,913","15.0","11.0","26.6","34.0","40.4","11.3","31.3","3.3"
"CT","09110511100","2,992","15.1","11.6","27.0","34.2","40.0","12.1","33.0","3.4"
"CT","09110511200","2,544","14.3","15.0","34.6","34.7","37.2","13.9","38.4","3.7"
"CT","09110511300","2,688","13.0","19.7","41.4","39.2","38.5","17.4","43.2","4.7"
"CT","09110511400","1,978","14.2","11.2","27.6","35.5","41.0","12.7","32.4","3.5"
"CT","09110514101","2,611","14.0","9.5","23.3","35.4","43.0","11.4","29.2","3.5"
"CT","09110514103","3,410","17.6","7.4","18.6","19.9","29.4","5.9","24.6","1.4"
"CT","09110514104","3,376","14.8","9.9","24.3","28.9","35.5","9.7","29.9","2.6"
"CT","09110514200","2,650","15.4","13.6","28.7","33.3","38.6","11.9","34.5","3.4"
"CT","09110514300","3,395","16.8","10.7","23.2","30.2","37.5","9.6","31.4","2.7"
"CT","09110514400","3,864","16.3","14.5","29.3","32.1","36.6","11.4","35.9","3.1"
"CT","09110514500","3,589","15.4","12.7","27.5","32.6","38.7","11.6","33.0","3.3"
"CT","09110514600","4,198","14.3","15.9","34.0","36.8","39.1","13.9","37.2","4.3"
"CT","09110514700","3,574","16.5","16.4","31.7","31.0","35.2","11.5","36.5","3.2"
"CT","09110514800","2,591","15.3","16.5","32.6","33.4","36.7","12.7","38.3","3.5"
"CT","09110514900","2,392","17.1","10.0","21.2","30.8","39.1","9.6","30.5","2.8"
"CT","09110515000","2,375","16.0","9.3","21.0","32.4","41.0","10.0","29.3","2.9"
"CT","09110515101","2,100","15.1","9.2","23.2","34.0","41.1","10.6","29.0","3.4"
"CT","09110515102","4,575","14.2","9.4","23.3","31.7","39.2","10.6","29.4","2.9"
"CT","09110515200","2,908","14.9","9.4","22.2","35.6","43.0","11.3","29.9","3.4"
"CT","09110520100","4,477","15.7","6.8","17.7","30.7","41.0","9.0","25.7","2.6"
"CT","09110520201","2,876","16.8","7.1","16.9","28.9","39.7","8.6","26.6","2.3"
"CT","09110520202","3,200","17.0","7.4","17.0","29.4","40.4","8.6","26.5","2.4"
"CT","09110520301","3,712","16.7","8.5","20.0","29.0","38.3","9.1","28.4","2.5"
"CT","09110520302","3,813","15.3","7.7","20.4","31.9","40.6","9.8","27.6","3.0"
"CT","09110520400","6,017","16.2","7.0","17.3","30.8","41.2","8.8","26.5","2.6"
"CT","09110520501","3,341","16.8","7.3","17.0","30.1","40.6","8.7","27.1","2.5"
"CT","09110524100","4,867","16.7","9.8","20.3","32.6","41.4","10.0","30.0","3.0"
"CT","09110524200","5,456","15.4","9.5","22.1","32.8","41.2","10.2","27.9","3.1"
"CT","09110524300","4,706","18.6","11.3","22.5","30.6","37.6","9.2","30.9","2.8"
"CT","09110524400","2,376","12.0","14.9","36.1","41.7","37.7","17.2","42.5","4.8"
"CT","09110524501","2,747","17.0","11.3","27.2","27.9","33.9","10.3","33.5","2.6"
"CT","09110524502","1,927","14.4","11.3","26.2","36.3","40.7","13.4","34.6","3.6"
"CT","09110524600","2,511","13.8","16.5","35.3","35.6","34.7","14.5","40.6","3.8"
"CT","09110524700","2,682","13.3","11.0","34.6","35.9","40.3","15.1","35.4","4.0"
"CT","09110526101","3,471","16.1","9.1","17.1","30.1","38.9","8.2","30.6","2.7"
"CT","09110526102","3,790","16.1","7.9","16.0","30.1","39.3","8.0","29.3","2.6"
"CT","09110528100","2,592","16.1","8.4","16.5","30.3","39.5","8.0","29.5","2.6"
"CT","09110529100","3,902","15.1","9.3","18.5","32.7","40.5","9.2","30.9","3.1"
"CT","09110530100","1,832","15.6","12.1","22.2","31.7","37.8","9.5","33.9","3.2"
"CT","09110530200","4,881","15.1","14.8","27.1","31.6","36.1","10.4","36.4","3.4"
"CT","09110530301","4,549","14.8","12.6","24.4","31.5","37.2","9.8","34.0","3.3"
"CT","09110530302","5,345","13.9","9.2","21.2","32.8","39.7","9.6","29.6","3.3"
"CT","09110530400","3,530","15.6","8.7","19.1","28.1","35.7","7.9","29.4","2.6"
"CT","09110530500","2,635","13.6","10.8","22.5","35.6","41.6","10.7","32.3","3.8"
"CT","09110530600","2,159","14.6","6.9","15.6","32.4","41.7","8.6","28.6","2.8"
"CT","09110533102","4,354","15.5","8.7","17.5","30.7","39.2","8.4","29.9","2.8"
"CT","09110533103","3,212","14.4","8.5","18.4","33.4","41.0","9.3","30.2","3.2"
"CT","09110533104","3,771","16.8","7.0","14.2","27.2","37.3","7.0","28.3","2.2"
"CT","09110535101","4,525","15.2","7.5","16.4","29.4","38.6","7.9","28.3","2.6"
"CT","09110535102","3,202","16.1","10.0","18.4","31.1","38.7","8.8","32.2","2.8"
"CT","09110535200","5,124","16.0","9.2","18.0","29.0","37.6","7.9","29.3","2.6"
"CT","09110538100","1,298","19.2","17.7","27.6","32.6","33.4","10.2","39.1","2.9"
"CT","09110538201","3,927","15.5","9.3","18.2","32.0","40.1","8.8","30.6","3.0"
"CT","09110538202","3,179","15.0","8.5","17.8","32.5","40.9","8.8","29.4","3.0"
"CT","09110840100","4,698","15.2","11.5","21.7","31.6","38.1","9.5","32.2","3.2"
"CT","09110850100","4,370","16.5","8.4","16.2","29.6","38.6","7.8","29.7","2.5"
"CT","09110850200","5,393","15.8","10.4","19.3","31.2","39.1","8.7","31.4","2.9"
"CT","09110860100","4,328","14.6","11.3","21.3","34.3","41.5","10.0","31.9","3.5"
"CT","09110881100","4,252","14.7","7.9","18.2","28.8","36.4","8.3","28.3","2.7"
"CT","09110881200","9,476","17.9","8.5","22.5","12.1","15.3","2.0","27.0","0.7"
"CT","09110881300","4,869","16.6","9.1","21.3","21.4","27.3","6.3","27.7","2.2"
"CT","09110881500","4,971","14.1","8.5","20.3","28.8","36.4","8.7","27.6","2.9"
"CT","09110890100","2,982","16.3","12.1","21.5","30.0","37.2","8.6","32.3","3.0"
"CT","09110890202","4,065","15.4","10.9","20.4","32.9","40.3","9.1","31.3","3.2"
"CT","09110890204","2,245","15.3","12.1","21.4","33.5","40.3","9.7","33.0","3.4"
"CT","09110980100","875","20.7","23.4","37.0","30.8","30.8","10.5","40.6","2.7"
"CT","09120060100","3,897","19.5","5.4","16.3","19.9","29.9","5.1","18.2","1.9"
"CT","09120060200","3,271","16.2","7.8","19.6","29.9","40.4","8.2","23.3","2.9"
"CT","09120060300","3,022","16.8","5.3","15.2","27.5","39.8","7.0","21.1","2.4"
"CT","09120060400","3,315","17.2","5.3","14.7","27.2","39.6","6.8","21.3","2.3"
"CT","09120060500","2,207","17.6","5.2","14.3","26.0","38.6","6.5","20.8","2.2"
"CT","09120060600","1,809","14.8","5.2","16.9","30.9","42.1","7.9","21.1","2.9"
"CT","09120060700","6,708","19.9","5.8","16.2","19.2","29.2","4.8","19.0","1.8"
"CT","09120060800","1,515","17.0","6.2","16.2","26.8","38.6","6.8","22.1","2.4"
"CT","09120060900","1,867","17.2","6.5","16.6","27.3","39.3","6.9","21.7","2.4"
"CT","09120061000","3,153","16.0","8.4","21.1","29.1","39.3","8.2","23.5","2.9"
"CT","09120061100","2,760","18.2","5.9","15.2","24.8","37.1","6.3","21.7","2.1"
"CT","09120061200","1,832","16.9","8.5","21.0","26.6","37.3","7.8","23.6","2.6"
"CT","09120061300","2,323","17.4","8.6","20.8","25.8","36.5","7.4","23.6","2.4"
"CT","09120061400","2,391","17.2","9.7","23.4","26.4","35.8","8.1","25.5","2.6"
"CT","09120061500","3,703","18.0","6.0","15.6","25.0","36.6","6.5","22.1","2.2"
"CT","09120061600","3,930","17.1","6.2","16.5","26.9","38.8","6.9","21.6","2.4"
"CT","09120070100","4,479","18.7","5.6","15.9","24.2","35.3","6.4","22.9","2.1"
"CT","09120070200","3,182","14.7","11.6","31.6","32.9","36.9","12.4","32.4","3.8"
"CT","09120070300","770","11.3","26.3","56.9","35.7","34.0","17.3","45.3","5.3"
"CT","09120070400","1,536","15.2","10.0","29.2","23.8","29.0","8.2","26.5","2.5"
"CT","09120070500","1,309","14.5","16.8","39.1","30.1","31.9","11.7","35.3","3.5"
"CT","09120070600","2,443","13.0","14.9","37.8","37.6","39.3","15.5","34.3","5.0"
"CT","09120070900","2,007","12.0","23.6","52.2","40.1","38.9","19.7","41.9","6.1"
"CT","09120071000","2,657","15.7","11.2","32.3","28.5","32.8","10.6","32.5","2.9"
"CT","09120071100","3,382","13.5","16.5","40.5","33.6","35.4","13.7","35.6","4.2"
"CT","09120071200","3,907","12.6","18.8","45.7","37.7","37.7","16.9","38.7","5.1"
"CT","09120071300","2,661","14.9","14.2","37.5","29.6","33.9","11.6","32.6","3.5"
"CT","09120071400","2,769","14.8","18.2","42.7","30.6","34.1","13.1","36.7","3.8"
"CT","09120071600","1,623","12.4","25.2","53.6","34.5","34.3","15.9","41.9","5.0"
"CT","09120071900","3,640","15.9","15.8","35.3","30.9","33.6","11.3","34.2","3.5"
"CT","09120072000","2,834","14.9","12.6","32.3","30.5","34.6","11.2","31.7","3.4"
"CT","09120072100","5,173","14.3","10.9","29.1","31.8","37.7","11.1","29.0","3.5"
"CT","09120072200","3,139","13.8","11.8","32.3","34.2","38.6","12.0","29.5","4.4"
"CT","09120072300","4,087","14.6","14.1","34.4","32.3","35.7","12.1","33.2","3.7"
"CT","09120072400","2,131","14.9","12.8","32.8","30.0","35.2","10.8","30.1","3.4"
"CT","09120072500","4,704","14.7","11.3","29.5","31.7","37.5","11.1","29.5","3.6"
"CT","09120072600","6,783","15.3","9.6","27.0","29.5","35.8","9.5","25.9","3.4"
"CT","09120072700","3,029","14.3","10.1","29.1","32.4","36.9","11.4","30.1","3.5"
"CT","09120072800","4,056","12.4","15.5","40.0","37.4","36.8","15.1","36.6","4.9"
"CT","09120072900","3,690","14.1","11.5","31.5","33.2","35.4","11.9","32.5","3.6"
"CT","09120073000","1,542","15.7","9.2","27.5","29.9","35.6","10.3","30.1","3.0"
"CT","09120073100","3,636","13.6","13.0","34.7","34.7","37.3","13.1","34.0","4.0"
"CT","09120073200","3,093","10.4","16.9","45.1","43.2","43.9","19.5","35.4","6.4"
"CT","09120073300","2,625","12.9","15.2","38.8","35.9","36.8","14.5","36.2","4.5"
"CT","09120073400","2,979","14.0","13.0","35.1","32.9","36.0","12.6","33.3","3.8"
"CT","09120073500","2,603","13.1","17.8","45.4","34.6","36.4","15.7","38.6","4.5"
"CT","09120073600","1,661","14.0","15.3","41.6","31.4","34.8","13.4","36.0","3.7"
"CT","09120073700","3,882","12.3","17.5","44.1","37.7","37.9","16.2","37.4","5.1"
"CT","09120073800","1,712","12.8","22.0","50.8","36.2","36.6","17.3","41.1","5.0"
"CT","09120073900","2,605","13.5","15.5","42.3","34.4","37.0","15.0","36.2","4.3"
"CT","09120074000","1,650","12.7","16.5","44.9","35.0","36.6","15.5","37.5","4.6"
"CT","09120074300","3,386","12.4","18.9","45.8","37.7","36.7","16.6","39.4","5.2"
"CT","09120074400","3,320","13.6","15.0","39.3","34.1","34.4","13.4","36.2","4.1"
"CT","09120080100","3,863","14.7","13.1","32.5","32.1","37.4","11.3","30.7","3.6"
"CT","09120080200","3,382","14.9","13.5","32.9","31.7","35.9","11.3","32.1","3.6"
"CT","09120080400","4,561","14.2","11.1","30.4","32.7","35.9","11.3","30.9","3.7"
"CT","09120080500","2,676","15.4","8.2","20.6","32.3","42.5","9.0","24.2","3.2"
"CT","09120080600","2,115","15.1","9.5","24.9","32.2","39.4","10.0","27.2","3.4"
"CT","09120080700","1,596","15.9","8.5","21.3","30.0","39.4","8.6","25.3","2.9"
"CT","09120080800","3,813","17.2","8.0","19.7","27.5","37.6","7.5","24.2","2.6"
"CT","09120080900","3,827","16.3","10.7","26.1","29.6","37.5","9.1","27.2","3.1"
"CT","09120081000","3,546","15.5","9.9","25.3","31.4","39.1","9.5","26.6","3.3"
"CT","09120081100","3,846","15.7","9.1","23.4","30.9","39.3","9.0","25.6","3.2"
"CT","09120081200","4,234","16.4","7.4","19.9","29.1","39.2","8.0","23.7","2.8"
"CT","09120081300","4,517","12.1","7.9","25.0","38.2","45.3","11.1","23.9","4.4"
"CT","09120090100","2,513","15.2","7.5","20.1","30.9","41.1","8.6","22.6","3.1"
"CT","09120090200","6,306","15.6","7.5","20.5","30.2","40.4","8.2","22.5","3.1"
"CT","09120090300","3,581","16.6","7.5","19.4","28.2","38.9","7.7","22.8","2.7"
"CT","09120090400","5,033","15.8","8.3","22.0","29.0","38.4","8.4","24.0","2.9"
"CT","09120090500","3,603","16.4","8.4","20.6","29.2","39.3","8.2","24.0","2.8"
"CT","09120090600","2,704","16.2","6.7","18.2","28.7","39.7","7.5","21.8","2.7"
"CT","09120090700","4,027","16.8","6.8","17.3","27.3","38.7","7.3","22.3","2.4"
"CT","09120100100","4,345","17.4","7.0","17.6","27.1","38.5","7.2","22.7","2.5"
"CT","09120100200","5,197","17.3","7.3","18.1","28.1","39.3","7.4","22.6","2.6"
"CT","09120100300","5,007","17.4","7.6","18.4","27.8","39.1","7.5","23.0","2.6"
"CT","09120105100","3,173","16.9","6.1","16.2","27.6","39.6","7.1","21.5","2.4"
"CT","09120105200","2,617","16.5","7.2","18.5","29.7","40.3","8.3","23.7","2.8"
"CT","09120257200","3,031","13.8","17.8","40.8","33.8","35.2","13.8","36.6","4.3"
"CT","09130541100","2,051","15.9","15.1","29.3","34.2","34.9","11.7","36.8","3.5"
"CT","09130541200","4,448","16.0","9.4","21.1","31.7","36.6","9.1","29.1","2.9"
"CT","09130541301","1,903","19.8","10.8","20.2","23.9","28.3","6.4","31.2","1.9"
"CT","09130541302","3,507","18.8","9.3","19.3","25.3","30.0","7.0","29.6","2.0"
"CT","09130541401","2,683","17.1","9.0","18.7","30.9","37.8","8.5","28.0","2.7"
"CT","09130541402","4,757","15.4","10.0","22.8","33.9","38.2","9.9","29.4","3.3"
"CT","09130541500","3,119","19.9","7.0","18.1","16.1","21.1","4.0","23.1","1.4"
"CT","09130541600","1,202","14.7","17.7","34.0","36.3","36.3","13.5","38.0","4.2"
"CT","09130541700","3,042","14.4","16.4","33.4","36.3","36.0","13.0","35.7","4.5"
"CT","09130542000","3,689","16.4","10.0","21.4","32.7","37.1","9.3","30.2","3.1"
"CT","09130542100","2,909","16.3","12.3","25.1","32.6","35.4","10.1","32.1","3.4"
"CT","09130542200","1,331","16.3","8.2","18.0","31.9","38.3","8.6","28.4","2.7"
"CT","09130550100","4,571","16.6","12.4","22.8","33.9","39.2","9.7","30.6","3.3"
"CT","09130550201","3,074","17.9","9.6","18.4","31.0","37.8","8.3","28.6","2.7"
"CT","09130550202","2,535","16.4","9.9","20.0","33.9","39.8","9.2","28.5","3.2"
"CT","09130560100","4,598","17.0","8.6","18.0","31.7","38.7","8.3","27.6","2.8"
"CT","09130560200","2,951","16.4","11.6","22.7","33.4","38.4","9.7","30.3","3.4"
"CT","09130570100","3,968","17.1","8.8","18.7","29.4","36.0","8.1","28.1","2.5"
"CT","09130570200","2,691","17.4","8.6","17.8","30.1","37.4","8.0","27.6","2.5"
"CT","09130570300","4,823","14.5","10.3","23.3","37.1","41.2","10.7","29.0","3.8"
"CT","09130580100","3,486","16.2","10.0","20.5","34.4","40.3","9.5","28.8","3.2"
"CT","09130585100","5,704","17.2","9.6","19.0","31.7","38.7","8.5","28.0","2.8"
"CT","09130590101","3,207","16.3","8.1","17.6","33.2","40.1","8.6","27.0","2.9"
"CT","09130590102","3,548","17.6","9.4","18.4","31.3","38.4","8.3","27.9","2.8"
"CT","09130595101","2,909","16.7","9.6","19.1","33.8","40.1","9.3","29.2","3.0"
"CT","09130595102","4,369","16.2","11.2","21.7","34.9","40.1","9.9","30.3","3.3"
"CT","09130600100","3,192","14.8","10.8","22.7","37.9","42.1","11.1","30.3","3.9"
"CT","09130610100","1,818","15.2","10.9","23.9","36.0","40.8","10.7","30.5","3.6"
"CT","09130610200","3,182","15.2","9.3","20.9","35.2","40.8","10.1","29.2","3.3"
"CT","09130610300","3,379","16.4","10.2","21.1","33.1","39.4","9.3","28.7","3.1"
"CT","09130610400","2,544","17.3","9.0","18.4","31.1","38.3","8.3","27.7","2.7"
"CT","09130620100","3,680","16.1","9.9","20.3","34.4","40.3","9.6","28.9","3.2"
"CT","09130630101","3,574","14.5","9.2","21.5","37.3","42.4","10.2","27.6","3.7"
"CT","09130630102","2,210","13.1","6.3","17.3","38.3","45.0","10.0","25.9","3.4"
"CT","09130640100","5,068","15.8","8.5","18.6","34.3","41.1","9.2","27.5","3.1"
"CT","09130650100","2,013","14.1","6.3","18.4","37.1","41.0","9.2","27.7","3.1"
"CT","09130660101","2,834","13.7","6.9","19.9","37.7","41.1","9.5","28.2","3.2"
"CT","09130660103","2,241","14.4","7.7","20.6","36.5","39.8","9.3","29.1","3.2"
"CT","09130660104","1,208","14.1","7.4","20.5","37.3","40.4","9.4","28.8","3.3"
"CT","09130670100","3,931","15.5","8.3","18.9","34.1","41.0","9.2","27.0","3.1"
"CT","09130670200","5,070","13.3","7.3","19.4","38.0","43.8","10.3","26.6","3.6"
"CT","09130680101","2,622","16.2","8.2","18.5","33.0","39.6","8.9","27.6","2.9"
"CT","09130680102","3,207","14.0","10.5","23.4","38.3","43.2","11.3","29.2","4.0"
"CT","09130680200","5,431","14.7","12.1","25.5","38.4","40.5","12.0","32.7","4.1"
"CT","09140110100","2,184","18.8","8.6","20.6","23.7","32.7","6.7","24.8","2.2"
"CT","09140110201","3,797","16.8","11.8","25.4","29.1","37.9","9.0","26.8","3.1"
"CT","09140110202","4,384","13.2","10.1","27.5","36.9","43.8","11.2","25.3","4.4"
"CT","09140110301","5,521","14.4","8.4","23.4","33.3","41.9","9.6","24.3","3.6"
"CT","09140110302","2,793","16.0","7.8","20.4","29.9","40.1","8.3","23.0","3.0"
"CT","09140110400","4,068","16.1","9.0","21.7","31.1","40.9","8.8","24.4","3.2"
"CT","09140110500","4,542","16.3","7.9","19.8","30.3","40.8","8.2","23.2","3.0"
"CT","09140110601","2,346","16.9","7.6","18.8","29.0","40.1","7.8","23.0","2.7"
"CT","09140110602","4,104","16.7","9.4","21.8","29.8","39.5","8.7","25.1","3.0"
"CT","09140120100","5,241","14.9","10.4","24.5","33.2","39.6","9.8","32.6","3.1"
"CT","09140120200","4,745","14.2","13.8","31.3","34.3","38.8","11.6","36.4","3.6"
"CT","09140125100","3,648","15.2","10.2","24.0","33.6","40.4","9.7","31.9","3.2"
"CT","09140125200","4,614","15.4","12.9","28.5","31.8","37.2","10.1","35.1","3.1"
"CT","09140125300","4,016","15.5","11.8","27.9","31.2","36.3","10.0","35.4","2.9"
"CT","09140125400","2,666","14.6","13.8","30.5","34.0","38.5","11.3","36.5","3.5"
"CT","09140130101","4,184","15.7","11.5","25.1","32.4","38.7","9.5","32.7","3.2"
"CT","09140130102","2,571","16.3","11.4","24.2","31.1","37.9","9.1","32.6","2.9"
"CT","09140130201","2,822","16.3","9.1","20.3","31.1","39.4","8.5","30.5","2.7"
"CT","09140130202","3,909","15.9","11.6","24.3","32.1","39.1","9.4","32.8","3.0"
"CT","09140341100","4,884","15.6","9.9","22.0","32.9","40.3","9.2","31.4","3.0"
"CT","09140342100","2,854","15.3","10.4","22.3","33.2","41.4","10.0","27.9","3.4"
"CT","09140343101","4,223","16.9","10.9","23.3","31.3","37.6","8.9","31.5","2.8"
"CT","09140343102","3,154","14.7","6.5","18.2","31.8","40.7","8.4","27.5","2.7"
"CT","09140343200","4,712","16.2","8.0","18.7","29.3","38.8","8.0","28.8","2.4"
"CT","09140343300","5,525","13.9","6.7","19.2","33.7","42.3","8.9","27.2","3.0"
"CT","09140343400","5,129","16.1","7.5","18.0","29.6","39.0","7.9","28.3","2.4"
"CT","09140344100","3,645","14.9","9.3","21.7","33.9","41.3","9.5","30.5","3.2"
"CT","09140344200","2,281","14.8","7.2","18.7","32.3","41.3","8.9","28.6","2.7"
"CT","09140345100","5,465","15.5","11.7","25.3","32.1","38.2","9.7","33.9","3.1"
"CT","09140345201","5,562","15.6","11.9","25.9","32.3","38.3","9.7","33.3","3.2"
"CT","09140345202","3,276","15.8","11.4","24.2","31.9","38.9","9.4","32.8","3.0"
"CT","09140345300","4,945","17.0","11.0","23.4","28.9","35.9","8.4","33.0","2.6"
"CT","09140345400","5,624","14.9","10.9","25.0","33.2","39.5","9.9","32.7","3.2"
"CT","09140346101","5,589","14.6","8.5","20.8","34.8","42.9","9.5","29.5","3.2"
"CT","09140346102","4,593","16.5","9.2","19.9","30.9","39.4","8.4","30.7","2.6"
"CT","09140347100","4,671","15.1","10.0","22.5","34.2","41.7","9.5","30.7","3.2"
"CT","09140347200","2,912","16.1","9.8","21.2","31.9","39.8","8.8","31.2","2.9"
"CT","09140348111","2,012","14.7","12.1","24.8","35.7","42.6","10.7","32.5","3.5"
"CT","09140348122","3,195","16.2","8.4","18.7","30.8","39.9","8.3","29.9","2.6"
"CT","09140348123","4,417","16.9","8.0","17.9","29.3","38.9","7.7","29.0","2.4"
"CT","09140348124","2,378","7.8","6.5","26.7","47.4","51.0","13.2","27.0","5.3"
"CT","09140348125","4,528","8.1","7.3","27.9","47.6","50.8","13.7","27.8","5.4"
"CT","09140349100","3,944","17.1","10.3","20.9","28.9","38.0","8.4","27.1","2.9"
"CT","09140349200","2,139","17.1","11.0","22.0","28.9","37.8","8.5","27.3","2.9"
"CT","09140350101","3,949","9.3","24.3","56.9","50.0","46.5","26.9","49.3","8.2"
"CT","09140350200","2,581","11.5","26.7","54.5","41.5","37.4","19.7","50.8","5.8"
"CT","09140350300","1,487","13.9","16.2","41.1","31.8","33.2","12.9","42.8","3.5"
"CT","09140350400","1,918","13.7","16.3","41.1","33.6","34.2","13.9","43.9","3.7"
"CT","09140350500","1,881","12.1","22.5","51.5","37.8","38.3","18.2","46.7","5.0"
"CT","09140350800","4,002","14.3","16.3","37.5","32.5","34.3","12.3","41.2","3.5"
"CT","09140350900","1,548","14.1","14.1","32.6","34.2","36.5","12.0","39.1","3.6"
"CT","09140351000","3,062","12.9","14.4","36.9","37.0","39.0","14.3","40.0","4.2"
"CT","09140351100","3,304","13.4","17.0","38.6","36.1","36.8","14.2","42.2","4.1"
"CT","09140351200","2,840","12.6","18.1","42.7","37.3","37.0","15.8","44.7","4.4"
"CT","09140351300","4,284","13.0","16.3","38.3","36.8","38.6","13.9","40.1","4.2"
"CT","09140351400","2,968","14.4","14.1","36.0","31.6","35.6","12.1","38.9","3.3"
"CT","09140351500","3,778","13.7","15.6","35.5","35.5","38.7","13.0","38.8","3.9"
"CT","09140351601","2,721","14.6","13.8","31.7","32.9","37.3","11.1","36.6","3.5"
"CT","09140351602","4,999","14.1","14.3","31.8","35.7","39.5","11.8","36.6","3.9"
"CT","09140351700","2,129","13.2","19.2","42.9","35.6","35.8","14.4","44.5","4.1"
"CT","09140351800","3,562","14.2","11.9","28.6","34.4","39.1","11.0","34.9","3.5"
"CT","09140351900","2,393","15.2","10.0","24.9","30.8","36.7","9.2","31.5","3.0"
"CT","09140352000","3,980","14.1","12.7","29.3","34.9","39.7","11.5","35.6","3.6"
"CT","09140352100","3,284","13.1","16.6","36.2","38.0","39.0","14.2","41.0","4.4"
"CT","09140352200","1,682","13.2","16.7","41.5","33.1","34.7","13.5","43.5","3.7"
"CT","09140352300","2,244","12.8","19.4","42.3","38.1","37.4","15.7","45.2","4.6"
"CT","09140352400","2,577","12.6","14.1","35.9","37.2","38.6","13.9","40.2","4.0"
"CT","09140352500","2,341","12.5","17.6","39.9","39.4","40.0","15.5","41.5","4.9"
"CT","09140352600","4,291","13.1","15.9","36.4","37.8","39.6","13.9","40.0","4.3"
"CT","09140352701","2,655","12.8","14.8","35.8","37.5","39.5","13.6","39.0","4.3"
"CT","09140352702","4,792","13.2","15.3","34.6","37.5","39.4","13.5","39.3","4.2"
"CT","09140352800","4,804","13.1","14.4","34.5","36.0","38.0","12.8","38.8","4.0"
"CT","09140360100","4,293","15.9","10.0","21.7","30.3","38.8","8.9","27.2","3.1"
"CT","09140360200","6,290","15.9","10.0","21.7","31.1","39.7","9.3","27.2","3.2"
"CT","09140360300","2,640","16.3","11.1","23.4","29.0","37.6","8.8","27.5","3.0"
"CT","09140360400","4,732","16.0","10.8","23.1","30.4","38.8","9.0","27.1","3.3"
"CT","09140361100","5,179","15.9","9.2","20.6","31.8","40.1","8.7","30.5","2.8"
"CT","09140361200","4,398","15.8","9.4","21.6","32.4","39.9","8.9","30.5","3.0"
"CT","09140361300","3,486","16.2","10.3","22.4","32.3","39.7","9.0","31.1","3.0"
"CT","09140362101","3,477","15.6","8.4","19.6","30.6","39.9","8.8","26.3","3.0"
"CT","09140362102","4,677","15.5","8.7","19.9","31.4","40.9","9.1","26.1","3.1"
"CT","09140405100","2,512","18.0","12.4","24.0","29.4","37.1","9.5","32.0","2.8"
"CT","09140405200","3,555","16.3","11.1","23.5","32.2","40.2","10.3","30.5","3.1"
"CT","09140405300","5,035","15.9","11.3","24.6","33.9","41.1","10.9","30.8","3.4"
"CT","09140405401","2,783","16.9","10.6","21.7","32.0","40.1","9.9","30.5","3.0"
"CT","09140405402","3,501","17.0","12.5","25.4","31.2","38.2","10.4","32.9","3.0"
"CT","09140405500","4,128","17.1","12.9","25.8","31.3","38.2","10.3","33.2","3.0"
"CT","09140405600","5,568","17.5","13.5","26.3","30.6","37.4","10.3","33.7","3.0"
"CT","09140405700","1,678","14.8","15.6","32.2","36.5","41.4","13.9","36.4","4.1"
"CT","09140405801","2,511","16.9","13.8","26.4","32.6","39.2","10.8","33.2","3.3"
"CT","09140405802","3,424","16.4","9.8","20.8","32.7","41.6","10.0","29.7","3.0"
"CT","09140405900","3,745","17.0","11.3","22.6","31.7","39.8","10.0","30.7","3.0"
"CT","09140406001","3,158","15.3","11.9","27.4","33.5","39.9","11.3","32.5","3.5"
"CT","09140406002","4,010","15.2","10.4","23.7","35.0","42.6","10.8","29.2","3.5"
"CT","09140406100","3,196","14.8","16.9","35.7","36.0","39.6","13.9","37.1","4.4"
"CT","09140425300","3,272","16.5","11.9","23.3","31.0","38.9","9.5","28.9","3.3"
"CT","09140425400","3,693","16.6","11.8","23.3","30.9","39.0","9.5","28.7","3.3"
"CT","09140425500","2,654","16.5","13.4","26.0","30.6","38.0","9.7","29.2","3.4"
"CT","09150708100","2,096","15.9","12.1","25.5","36.3","37.7","10.0","33.2","3.4"
"CT","09150815000","1,747","16.3","13.3","26.4","35.9","38.7","10.7","33.9","3.4"
"CT","09150820000","1,442","15.2","11.9","25.4","38.2","40.9","11.3","32.7","3.7"
"CT","09150825000","1,274","16.8","11.9","24.2","34.2","38.1","9.7","31.7","3.2"
"CT","09150830100","3,426","16.6","11.0","23.5","34.1","37.7","9.6","31.9","3.0"
"CT","09150890203","657","14.0","10.6","20.9","36.4","43.2","10.5","32.1","3.7"
"CT","09150900100","3,680","16.7","11.9","24.1","34.7","38.4","9.7","32.2","3.1"
"CT","09150900200","3,870","16.3","14.3","28.1","35.7","38.1","10.6","33.7","3.5"
"CT","09150901101","2,068","16.9","9.8","20.9","33.2","38.1","9.0","30.6","2.8"
"CT","09150901102","4,344","16.7","9.7","21.2","33.8","38.1","9.2","31.0","2.9"
"CT","09150902200","1,346","16.0","10.7","23.2","35.8","39.3","10.1","31.8","3.2"
"CT","09150902500","3,443","17.2","9.4","20.9","31.6","36.2","8.6","29.8","2.7"
"CT","09150903101","2,643","15.2","19.0","35.0","39.1","38.9","13.2","37.8","4.6"
"CT","09150903102","2,703","17.6","14.7","27.2","31.8","35.3","9.4","33.7","3.0"
"CT","09150903200","2,040","14.8","12.0","26.7","38.3","40.5","11.2","31.9","3.8"
"CT","09150904101","3,843","16.5","12.5","25.6","34.9","38.2","10.0","32.2","3.3"
"CT","09150904102","2,285","16.8","12.9","25.0","34.8","38.0","10.0","32.8","3.3"
"CT","09150904400","3,268","15.1","15.4","31.1","38.1","38.7","11.9","35.2","4.1"
"CT","09150904500","4,856","16.2","15.8","30.4","35.6","36.6","11.3","35.8","3.7"
"CT","09150905101","3,641","17.0","12.7","25.4","33.5","36.7","9.6","32.9","3.1"
"CT","09150905102","3,098","16.6","12.2","25.9","35.9","38.0","10.3","32.5","3.5"
"CT","09150906100","4,028","16.5","11.9","24.2","34.8","38.4","9.9","32.2","3.2"
"CT","09150907100","3,307","16.4","15.6","29.3","35.7","37.4","11.0","35.3","3.6"
"CT","09150907200","4,108","17.6","13.9","26.5","33.0","35.7","9.6","33.9","3.1"
"CT","09150907300","4,328","16.0","15.3","29.9","36.2","37.7","11.1","34.9","3.7"
"CT","09150908100","2,841","16.8","16.6","29.2","36.0","37.6","11.2","36.2","3.6"
"CT","09160260200","2,654","14.9","13.8","28.5","34.9","40.6","11.6","30.5","4.3"
"CT","09160261100","3,431","13.9","7.9","20.8","33.9","42.3","9.7","25.4","3.5"
"CT","09160262100","2,338","13.8","8.1","20.4","34.5","43.4","10.1","25.5","3.5"
"CT","09160263200","1,355","13.5","9.5","22.9","36.5","44.0","11.3","27.7","4.0"
"CT","09160265100","1,106","14.7","11.0","23.1","33.5","42.3","10.2","27.2","3.7"
"CT","09160266100","2,538","14.5","9.6","22.3","33.6","41.7","10.2","27.1","3.6"
"CT","09160267100","3,033","14.4","9.1","22.0","33.7","42.0","10.2","26.6","3.6"
"CT","09160268100","1,930","14.5","6.7","17.6","32.6","42.7","9.1","24.5","3.1"
"CT","09160290100","2,964","16.1","8.5","19.0","30.3","40.0","8.6","25.9","2.9"
"CT","09160293100","1,160","15.7","10.7","22.0","32.8","41.4","9.8","27.7","3.4"
"CT","09160296100","2,607","15.2","8.4","19.4","31.9","41.5","9.2","26.0","3.1"
"CT","09160298300","2,163","15.8","10.6","22.3","32.0","40.4","9.5","27.5","3.4"
"CT","09160298400","2,208","16.0","9.1","19.8","31.0","40.6","8.9","26.4","3.0"
"CT","09160300100","2,211","14.2","9.7","22.5","34.3","42.7","10.3","27.0","3.6"
"CT","09160300400","1,778","16.3","7.8","18.3","29.3","38.8","8.2","25.5","2.8"
"CT","09160300500","2,870","15.1","9.4","21.4","32.0","41.1","9.3","25.9","3.3"
"CT","09160303100","1,874","16.0","9.4","20.5","31.1","40.4","9.0","26.3","3.1"
"CT","09160306100","5,413","16.7","8.4","18.5","29.2","39.3","8.2","25.6","2.8"
"CT","09160310100","3,382","15.9","12.8","26.9","29.8","37.7","9.7","29.0","3.3"
"CT","09160310200","2,203","16.1","14.3","29.6","30.5","36.7","10.6","31.8","3.5"
"CT","09160310300","1,438","15.5","18.6","35.0","32.2","36.9","12.0","35.3","3.9"
"CT","09160310400","2,139","15.5","11.4","24.6","32.4","40.1","9.9","28.3","3.5"
"CT","09160310500","1,553","14.3","12.8","28.3","34.9","41.5","11.3","28.6","4.2"
"CT","09160310601","2,787","15.8","11.1","23.4","30.5","39.0","9.5","28.0","3.2"
"CT","09160310602","3,729","14.5","11.6","26.3","34.5","41.3","10.8","28.4","3.9"
"CT","09160310700","3,716","15.0","12.5","26.1","33.6","40.6","10.9","29.6","3.7"
"CT","09160310801","1,891","15.7","17.7","32.9","31.4","37.0","11.4","33.7","3.8"
"CT","09160310803","3,927","15.0","15.7","31.1","33.7","39.6","11.8","31.8","4.2"
"CT","09160310804","2,201","14.4","13.6","30.4","34.0","40.0","11.7","31.2","4.1"
"CT","09160320101","1,133","15.2","15.6","31.2","34.2","39.1","12.0","33.0","4.2"
"CT","09160320102","3,786","15.9","12.9","25.6","32.0","39.3","10.2","29.5","3.5"
"CT","09160320200","3,634","15.6","10.9","22.9","32.4","40.7","9.9","28.0","3.4"
"CT","09160330100","1,554","16.5","10.6","21.1","34.1","42.9","10.4","29.9","3.1"
"CT","09160410101","4,124","17.9","8.7","17.8","30.0","40.1","8.7","28.5","2.5"
"CT","09160410102","3,300","17.6","9.9","19.3","30.8","40.3","9.2","29.6","2.7"
"CT","09160425601","1,329","14.4","9.7","21.6","34.4","42.7","10.6","28.0","3.6"
"CT","09160425602","898","14.0","10.8","23.8","35.8","42.5","11.3","29.3","3.9"
"CT","09170140101","1,236","18.4","6.6","18.0","15.3","23.2","3.6","24.7","1.0"
"CT","09170140102","2,332","16.7","8.6","21.6","23.7","29.4","6.9","31.7","1.8"
"CT","09170140200","504","5.9","14.7","49.6","61.1","52.5","26.2","39.4","11.0"
"CT","09170140300","2,029","12.9","16.5","40.6","33.8","34.6","14.0","41.6","3.8"
"CT","09170140400","2,516","13.6","13.2","34.8","33.2","36.0","12.8","39.6","3.4"
"CT","09170140500","2,557","12.8","17.4","44.0","35.8","35.8","15.7","45.2","4.2"
"CT","09170140600","3,371","11.7","20.7","48.1","40.3","36.8","18.1","48.1","5.2"
"CT","09170140700","3,404","13.6","18.3","38.6","33.2","31.3","12.2","42.3","3.7"
"CT","09170140800","2,899","10.8","23.7","48.5","44.3","37.5","19.4","49.9","6.2"
"CT","09170140900","3,387","12.7","18.8","39.4","38.9","34.8","15.0","46.2","4.4"
"CT","09170141000","3,144","15.6","7.1","18.7","30.0","36.5","8.3","31.0","2.4"
"CT","09170141100","2,266","13.3","7.6","22.2","35.7","38.1","10.8","33.9","3.2"
"CT","09170141200","3,425","12.2","15.8","35.9","38.1","35.3","13.8","43.0","4.2"
"CT","09170141301","5,140","13.9","14.7","35.5","30.2","29.3","10.9","39.7","3.5"
"CT","09170141400","3,710","13.0","13.0","31.4","37.0","34.7","12.7","40.5","3.9"
"CT","09170141500","5,345","11.5","15.3","36.8","40.5","34.4","15.0","45.0","4.6"
"CT","09170141600","4,114","12.7","15.5","36.8","39.4","34.8","15.1","43.4","4.7"
"CT","09170141800","3,780","16.7","6.1","18.0","21.4","28.1","5.8","26.5","1.6"
"CT","09170141900","4,806","19.2","6.5","16.1","19.3","28.1","4.6","26.8","1.4"
"CT","09170142000","3,239","18.1","7.2","18.5","20.7","28.1","5.4","28.1","1.6"
"CT","09170142100","934","15.1","16.6","35.0","30.3","31.9","10.6","41.5","3.0"
"CT","09170142200","1,564","18.4","8.4","19.4","24.8","31.5","6.7","30.7","2.0"
"CT","09170142300","3,825","13.2","16.7","43.6","34.6","36.5","15.4","44.0","4.0"
"CT","09170142400","4,062","14.2","15.0","39.7","30.9","33.7","12.5","41.6","3.1"
"CT","09170142500","4,237","13.4","13.7","37.6","34.2","36.0","13.7","41.8","3.7"
"CT","09170142601","4,332","13.4","13.9","34.5","33.9","35.8","12.5","40.0","3.5"
"CT","09170142604","2,293","12.9","15.4","37.5","37.6","38.5","14.5","42.0","4.1"
"CT","09170142605","3,359","9.3","18.7","46.3","49.0","46.0","21.8","44.2","7.1"
"CT","09170142700","4,864","13.7","16.0","38.3","33.7","35.8","13.3","42.1","3.6"
"CT","09170142800","3,858","15.1","9.8","24.0","32.0","39.1","9.4","31.7","3.0"
"CT","09170150100","3,804","16.4","9.1","20.9","30.2","38.2","8.3","30.3","2.7"
"CT","09170150200","2,795","15.2","9.7","22.6","30.5","38.3","8.9","30.1","2.8"
"CT","09170150300","3,279","15.4","9.6","22.6","32.0","39.6","9.1","30.9","2.9"
"CT","09170150400","3,483","15.0","9.6","22.9","32.9","40.0","9.5","31.6","3.0"
"CT","09170150500","3,450","15.8","8.5","20.1","31.1","39.5","8.5","29.9","2.7"
"CT","09170150600","5,374","14.4","9.0","22.3","33.1","40.8","9.5","29.6","3.1"
"CT","09170150700","3,470","15.9","8.6","20.3","30.9","39.3","8.6","29.9","2.7"
"CT","09170150800","3,219","14.5","8.3","21.5","33.1","41.1","9.1","28.7","3.1"
"CT","09170150900","3,219","15.5","8.8","20.8","32.1","40.3","8.8","30.1","2.9"
"CT","09170151000","3,520","14.8","8.7","21.4","33.3","41.2","9.2","29.9","3.0"
"CT","09170151100","5,354","15.8","8.5","19.9","31.3","40.0","8.6","29.8","2.7"
"CT","09170151200","2,577","14.8","9.0","21.6","33.4","41.2","9.4","30.3","3.0"
"CT","09170154101","2,417","14.0","11.6","29.7","33.1","35.6","11.5","37.3","3.2"
"CT","09170154102","3,847","13.2","11.5","29.3","36.2","37.6","12.2","37.2","3.6"
"CT","09170154200","5,136","12.9","13.2","32.7","35.1","36.8","12.5","37.9","3.6"
"CT","09170154500","3,711","13.9","14.8","34.3","34.8","37.3","12.8","39.6","3.7"
"CT","09170154600","3,485","14.1","13.5","31.3","34.6","37.6","12.0","37.1","3.6"
"CT","09170154700","5,214","14.3","10.8","25.2","35.2","41.5","10.5","32.1","3.5"
"CT","09170154800","4,140","14.9","10.0","23.4","33.8","40.7","9.7","31.7","3.2"
"CT","09170154900","3,177","13.2","13.8","31.8","38.0","41.0","13.2","37.0","4.2"
"CT","09170155000","4,249","15.1","13.6","30.6","32.0","37.0","10.6","35.7","3.2"
"CT","09170155100","2,856","14.2","11.5","27.8","34.7","39.9","11.1","34.4","3.5"
"CT","09170157100","2,086","12.6","8.3","23.8","36.6","43.5","10.4","28.1","3.6"
"CT","09170157200","3,049","14.9","7.5","19.5","31.7","40.7","8.6","27.5","2.7"
"CT","09170157300","2,818","14.0","7.0","19.4","33.1","42.1","9.0","27.2","2.9"
"CT","09170157400","3,286","15.2","7.0","18.3","30.9","40.0","8.3","27.6","2.6"
"CT","09170160100","2,679","14.8","5.7","16.2","30.2","40.5","8.0","26.6","2.3"
"CT","09170160200","4,290","13.5","6.5","19.1","33.1","42.0","9.2","26.9","2.8"
"CT","09170161100","4,255","15.6","8.2","19.2","31.5","40.7","8.5","28.6","2.7"
"CT","09170165100","3,160","13.3","11.4","28.8","35.4","38.8","11.7","35.6","3.5"
"CT","09170165200","2,068","14.4","6.3","17.5","31.9","40.9","8.4","28.0","2.6"
"CT","09170165300","1,795","16.1","6.8","17.0","29.5","38.5","7.7","29.3","2.4"
"CT","09170165400","4,663","12.3","8.4","25.2","37.6","41.1","11.1","31.3","3.8"
"CT","09170165500","3,730","12.2","14.5","34.6","39.2","36.2","14.2","42.1","4.2"
"CT","09170165600","4,610","12.9","14.1","32.6","37.5","37.0","13.2","40.8","3.9"
"CT","09170165700","3,673","14.7","10.2","25.7","31.5","33.4","9.8","35.5","2.9"
"CT","09170165801","4,531","13.5","9.4","25.0","32.8","36.9","10.2","32.8","3.1"
"CT","09170165802","3,337","13.6","9.3","24.1","35.5","40.0","10.8","33.0","3.3"
"CT","09170165900","6,929","15.8","7.5","19.8","29.3","36.7","8.1","27.9","2.6"
"CT","09170166002","6,339","17.4","7.2","20.2","24.5","30.9","6.8","26.4","2.4"
"CT","09170166003","2,096","13.4","10.2","26.1","35.7","40.8","10.9","32.2","3.6"
"CT","09170166004","3,727","15.6","8.1","22.0","28.5","34.1","8.2","30.1","2.6"
"CT","09170167101","3,157","14.4","8.2","21.3","34.3","41.2","9.8","30.3","3.1"
"CT","09170167102","3,366","15.2","5.9","16.5","30.3","39.9","7.8","27.0","2.4"
"CT","09170167201","3,437","14.9","8.4","21.4","32.7","40.3","8.8","29.0","3.0"
"CT","09170167202","3,666","14.0","10.1","25.4","35.3","41.8","10.1","29.8","3.6"
"CT","09170167301","6,145","15.0","10.5","23.7","33.2","40.5","9.7","30.8","3.1"
"CT","09170170100","1,151","12.3","22.6","50.2","37.0","36.6","17.2","48.0","4.7"
"CT","09170170200","1,368","14.4","17.2","41.3","31.9","35.4","12.9","41.2","3.6"
"CT","09170170300","1,753","14.2","16.3","41.2","32.7","35.7","13.7","42.5","3.6"
"CT","09170170400","1,378","15.1","13.3","30.3","32.4","37.2","11.2","37.3","3.2"
"CT","09170170500","4,371","15.6","10.4","23.9","32.1","39.3","9.4","32.1","3.0"
"CT","09170170600","2,015","13.7","13.0","31.4","35.6","40.6","12.3","36.2","3.8"
"CT","09170170700","2,016","15.1","12.4","30.7","31.1","36.2","10.6","36.9","3.0"
"CT","09170170800","4,651","14.3","14.0","32.6","34.8","39.2","12.3","37.7","3.7"
"CT","09170170900","2,087","12.4","17.9","43.9","39.2","40.3","17.1","43.4","4.9"
"CT","09170171000","1,548","12.8","18.9","44.5","38.3","39.4","17.3","45.0","4.6"
"CT","09170171100","4,535","15.1","11.7","27.4","32.6","38.3","10.5","34.8","3.2"
"CT","09170171201","3,860","14.9","9.3","22.7","32.7","40.1","9.5","31.1","3.0"
"CT","09170171202","2,912","14.6","11.7","27.9","34.5","40.0","10.6","33.2","3.6"
"CT","09170171300","2,644","14.7","14.5","33.3","33.8","38.1","12.0","38.4","3.5"
"CT","09170171400","1,522","13.6","16.0","40.3","34.3","37.9","14.4","41.6","3.8"
"CT","09170171500","2,591","14.6","14.1","36.1","31.4","35.3","12.0","39.8","3.1"
"CT","09170171600","3,967","14.5","13.6","31.3","34.0","38.4","11.4","36.2","3.5"
"CT","09170171700","3,172","15.0","10.2","24.6","33.3","40.3","9.9","31.8","3.1"
"CT","09170175100","2,662","17.1","9.9","22.7","28.0","35.4","8.2","31.9","2.5"
"CT","09170175200","1,982","17.6","9.8","22.0","26.8","34.6","7.7","32.4","2.3"
"CT","09170175300","3,394","15.6","11.4","24.8","31.9","39.2","9.3","32.0","3.0"
"CT","09170175400","3,586","16.3","13.5","28.7","29.6","36.9","9.5","33.2","2.9"
"CT","09170175501","1,166","15.5","8.8","19.8","32.6","41.5","8.8","29.7","2.8"
"CT","09170175502","5,423","13.0","8.8","24.9","37.1","42.8","10.3","29.0","3.9"
"CT","09170175600","4,211","15.7","10.3","23.1","32.1","39.7","9.0","30.5","3.0"
"CT","09170175700","1,570","15.9","10.4","22.3","31.8","39.5","9.1","31.6","2.9"
"CT","09170175800","3,278","15.6","8.6","19.9","31.3","40.2","8.7","29.3","2.7"
"CT","09170175900","4,082","14.2","10.3","24.9","35.8","41.8","10.5","31.7","3.6"
"CT","09170176000","4,902","15.0","8.7","20.4","33.4","41.7","9.2","30.0","2.9"
"CT","09170180101","1,827","14.6","9.0","22.7","34.2","41.5","9.4","30.1","3.2"
"CT","09170180102","3,475","14.4","12.4","28.0","35.9","41.5","10.9","33.2","3.7"
"CT","09170180200","4,626","15.6","11.2","26.6","30.7","37.5","9.4","32.9","2.9"
"CT","09170180300","1,991","14.0","12.9","30.4","35.7","40.3","11.6","35.3","3.8"
"CT","09170180400","2,160","13.3","13.6","32.0","36.6","41.7","12.3","34.1","4.0"
"CT","09170180500","3,666","14.3","12.7","29.1","34.2","39.7","11.1","34.5","3.5"
"CT","09170180601","2,537","15.2","11.3","25.8","33.6","40.2","9.7","32.2","3.3"
"CT","09170180602","3,011","14.8","11.4","25.9","34.8","41.0","10.6","32.9","3.4"
"CT","09170184101","4,557","14.2","11.4","26.7","35.7","40.9","10.9","33.2","3.7"
"CT","09170184200","3,588","14.9","10.3","23.8","31.3","38.7","9.5","31.4","2.9"
"CT","09170184300","3,787","12.5","9.5","25.1","38.3","44.5","11.1","30.3","4.0"
"CT","09170184400","2,868","13.5","7.7","20.2","36.2","44.4","9.8","29.2","3.3"
"CT","09170184500","2,122","14.5","7.3","19.0","33.4","42.2","8.8","28.3","2.9"
"CT","09170184600","2,311","14.4","6.4","17.2","33.4","43.1","8.6","27.8","2.7"
"CT","09170184700","4,982","14.8","8.8","21.4","32.8","40.9","9.2","29.8","2.9"
"CT","09170186100","5,639","15.1","10.1","23.5","34.0","40.9","9.4","30.7","3.3"
"CT","09170186200","5,446","15.6","10.2","22.5","33.0","40.7","9.2","30.7","3.0"
"CT","09170190100","2,737","13.3","7.8","21.2","36.6","44.1","10.0","29.3","3.4"
"CT","09170190200","2,863","13.0","6.7","19.3","35.8","44.3","9.6","27.7","3.2"
"CT","09170190301","5,064","14.9","8.1","19.5","32.8","41.6","8.9","29.0","2.8"
"CT","09170190302","4,280","14.4","8.2","20.4","34.5","42.4","9.6","30.1","3.1"
"CT","09170190303","2,673","15.0","9.3","21.2","33.8","41.6","9.6","31.0","3.0"
"CT","09170194101","1,735","12.4","6.5","19.7","37.4","45.6","9.8","27.5","3.4"
"CT","09170194102","2,544","13.1","5.7","17.7","35.6","44.7","9.1","26.9","3.0"
"CT","09170194201","5,890","15.6","6.3","16.6","30.7","40.6","7.9","27.6","2.5"
"CT","09170194202","4,001","15.2","6.3","16.9","31.6","41.3","8.1","27.5","2.6"
"CT","09170361401","4,377","17.6","6.5","20.1","16.0","21.9","4.1","24.2","1.2"
"CT","09170361402","4,101","18.8","5.5","18.9","10.3","16.0","1.8","20.9","0.6"
"CT","09170361500","6,884","15.4","11.6","30.2","26.9","29.0","9.3","34.8","2.8"
"CT","09180690300","5,099","13.7","15.4","38.5","37.2","34.4","13.7","41.0","4.0"
"CT","09180690400","1,677","13.3","17.7","42.9","38.2","34.3","15.4","43.8","4.4"
"CT","09180690500","2,351","13.9","15.2","35.8","38.7","35.2","13.9","40.7","4.2"
"CT","09180690700","1,106","14.7","13.8","33.0","36.5","33.2","12.3","40.4","3.7"
"CT","09180690800","2,708","15.5","10.5","27.8","33.8","34.2","10.5","35.3","3.1"
"CT","09180690900","4,345","15.9","7.5","21.1","31.9","34.3","8.4","29.5","2.8"
"CT","09180693300","4,717","14.7","8.0","21.4","35.4","38.6","9.0","28.8","3.1"
"CT","09180693400","3,514","13.8","10.6","27.5","38.1","38.7","11.1","32.2","3.8"
"CT","09180693500","2,851","14.3","8.6","22.5","37.2","39.4","10.0","30.4","3.4"
"CT","09180693600","2,266","15.3","11.1","25.6","35.0","37.1","9.8","32.0","3.3"
"CT","09180693700","2,619","15.5","7.7","20.7","33.6","37.0","8.6","28.6","2.9"
"CT","09180695201","4,079","15.0","10.8","25.6","37.0","38.1","10.4","32.4","3.6"
"CT","09180695202","4,623","16.5","9.9","22.6","32.9","36.1","8.6","30.7","2.9"
"CT","09180696100","4,022","15.1","13.0","29.4","35.7","35.6","10.6","35.2","3.6"
"CT","09180696200","4,016","15.3","9.7","24.1","34.2","36.8","9.3","30.3","3.1"
"CT","09180696300","2,246","14.3","9.8","25.0","37.0","38.5","10.2","31.4","3.6"
"CT","09180696401","4,537","13.8","15.9","36.2","37.5","34.7","12.9","39.9","4.1"
"CT","09180696500","2,425","15.3","11.7","27.3","34.8","35.5","10.2","33.4","3.4"
"CT","09180696600","3,023","13.8","11.1","28.2","35.3","37.3","10.8","31.0","3.3"
"CT","09180696701","4,550","12.7","17.8","39.3","40.0","37.4","15.1","39.2","4.6"
"CT","09180696800","3,133","14.8","14.0","32.7","33.5","32.3","11.1","37.2","3.3"
"CT","09180697000","3,735","14.2","14.0","32.8","36.3","36.1","11.9","34.8","3.9"
"CT","09180700100","3,892","15.5","9.8","22.7","35.3","37.8","9.4","30.8","3.2"
"CT","09180701100","6,211","16.3","9.4","22.0","32.6","35.4","8.6","30.6","2.8"
"CT","09180701200","5,677","16.1","9.6","22.7","33.6","35.9","9.0","31.4","3.0"
"CT","09180702100","3,641","15.6","8.8","21.9","33.9","36.9","9.0","29.7","3.0"
"CT","09180702300","1,897","17.2","8.7","22.6","29.3","31.8","7.5","29.0","2.7"
"CT","09180702400","2,817","16.9","9.8","23.0","31.0","33.4","8.5","31.7","2.7"
"CT","09180702500","3,469","14.6","15.1","34.4","33.6","32.9","11.1","37.5","3.5"
"CT","09180702600","979","14.1","6.3","19.1","36.4","40.2","9.0","27.6","3.1"
"CT","09180702700","4,176","15.1","9.7","26.2","34.7","35.5","9.9","30.5","3.5"
"CT","09180702800","3,129","14.7","11.3","27.3","35.0","36.5","10.4","32.5","3.4"
"CT","09180702900","2,079","13.0","5.4","18.2","38.3","41.8","9.3","26.7","3.2"
"CT","09180703000","3,201","14.3","5.8","18.0","35.9","40.0","8.6","26.8","3.0"
"CT","09180705101","3,408","16.0","8.4","20.5","33.2","37.1","8.3","29.1","2.8"
"CT","09180705102","3,366","15.3","11.2","25.2","36.0","37.4","9.9","32.6","3.5"
"CT","09180705200","2,945","13.0","7.0","20.5","39.6","42.1","10.2","29.2","3.5"
"CT","09180705300","3,304","12.4","5.8","20.5","39.8","41.8","9.6","26.0","3.7"
"CT","09180705400","2,302","15.2","7.5","19.4","35.5","39.2","9.0","29.3","3.0"
"CT","09180707100","4,133","15.5","9.8","22.5","35.8","38.3","9.5","31.1","3.2"
"CT","09180709100","4,794","16.1","11.1","23.7","35.0","37.5","9.3","31.9","3.2"
"CT","09180709200","4,255","15.7","14.3","29.2","35.1","35.8","10.3","34.5","3.5"
"CT","09180710100","3,376","15.5","12.1","26.2","36.7","38.0","10.2","32.9","3.5"
"CT","09180711100","2,324","15.8","13.2","27.1","35.4","36.8","10.0","33.5","3.5"
"CT","09180712100","1,531","15.2","10.7","24.9","36.7","38.3","10.0","31.7","3.5"
"CT","09180713100","2,042","15.3","10.6","24.5","36.9","38.2","10.0","32.1","3.5"
"CT","09180714101","3,059","15.8","10.0","24.0","34.3","36.3","9.1","31.1","3.2"
"CT","09180714103","5,499","17.2","8.7","19.6","30.9","35.1","7.7","30.1","2.5"
"CT","09180714104","3,733","16.0","7.7","19.6","32.9","36.8","8.3","29.2","2.8"
"CT","09180715100","3,334","16.8","8.0","19.0","31.8","35.8","8.0","29.7","2.6"
"CT","09180716101","4,190","14.0","9.1","24.1","34.0","36.5","9.1","30.4","3.2"
"CT","09180716102","4,407","15.0","7.9","20.7","33.2","37.2","8.8","28.6","2.8"
"CT","09180800300","5,051","15.5","14.8","37.2","27.8","28.9","10.5","35.9","3.1"
"CT","09180800400","3,147","15.1","14.4","35.2","34.9","36.8","12.7","36.9","3.7"
"CT","09180800501","2,952","13.1","15.3","38.3","40.2","39.3","14.9","38.6","4.8"
"CT","09180800502","2,616","15.4","12.7","27.8","37.0","39.7","11.2","33.2","3.6"
"CT","09180800600","3,117","15.6","17.9","43.3","32.3","32.6","13.7","43.1","3.3"
"CT","09180800700","2,758","15.6","10.6","29.3","30.7","34.0","10.5","32.9","2.9"
"CT","09180870100","5,773","16.1","10.0","22.5","34.4","37.2","9.1","31.5","3.1"
"CT","09180870200","4,074","18.8","11.2","24.2","26.0","27.9","6.7","33.1","2.2"
"CT","09180870300","4,898","17.2","10.9","29.6","24.5","25.4","7.9","32.9","2.3"
"CT","09180870501","3,496","13.7","11.1","28.6","36.2","37.7","11.2","30.5","3.6"
"CT","09180870502","2,858","17.7","14.2","28.9","34.4","32.9","9.7","36.2","3.2"
"CT","09180870701","1,737","13.0","6.7","21.2","38.0","40.8","9.6","27.5","3.4"
"CT","09180870703","1,495","13.5","7.5","21.4","37.7","40.6","9.7","28.8","3.3"
"CT","09180870704","3,607","13.7","6.9","20.4","37.4","40.6","9.3","28.1","3.3"
"CT","09180980000","1,780","28.2","11.1","19.7","15.7","17.1","2.3","28.4","0.9"
"CT","09190010101","3,467","15.5","5.8","17.6","29.9","41.4","7.8","20.8","2.8"
"CT","09190010102","3,195","16.3","5.3","15.9","27.5","40.0","7.2","20.5","2.4"
"CT","09190010201","2,529","15.8","6.4","19.1","28.7","40.2","8.0","21.3","2.8"
"CT","09190010202","4,360","16.1","6.4","17.9","27.8","39.5","7.7","22.1","2.5"
"CT","09190010300","3,227","17.1","5.0","14.4","26.0","38.7","6.5","20.5","2.2"
"CT","09190010400","4,521","16.1","7.4","19.8","28.4","39.2","8.0","23.2","2.7"
"CT","09190010500","5,239","15.2","10.1","26.3","30.0","38.7","10.1","27.1","3.2"
"CT","09190010600","1,667","14.5","5.4","18.6","30.5","41.1","8.5","22.0","2.9"
"CT","09190010700","2,928","12.9","9.2","26.7","35.7","43.3","11.7","25.7","4.1"
"CT","09190010800","2,299","16.3","6.9","18.1","27.8","39.3","7.6","22.6","2.6"
"CT","09190010900","3,835","15.9","6.1","17.7","26.9","39.0","7.4","21.5","2.4"
"CT","09190011000","3,810","17.2","5.5","15.3","26.2","38.6","6.8","21.5","2.2"
"CT","09190011100","3,346","17.7","5.3","14.9","25.2","37.8","6.4","21.0","2.1"
"CT","09190011200","1,343","15.5","5.6","17.1","30.0","41.2","8.0","21.3","2.8"
"CT","09190011300","2,173","16.1","8.5","23.3","27.8","38.2","8.7","25.3","2.8"
"CT","09190020101","2,603","18.4","7.4","20.8","20.8","29.1","5.9","22.3","2.0"
"CT","09190020102","3,661","18.3","7.0","20.2","23.5","31.9","7.0","22.7","2.3"
"CT","09190020200","3,048","16.4","5.3","15.8","28.3","40.4","7.4","21.2","2.5"
"CT","09190020301","3,099","16.1","6.7","18.1","28.9","40.3","8.0","22.2","2.7"
"CT","09190020302","2,709","15.2","6.6","18.7","31.1","41.7","8.7","22.8","3.0"
"CT","09190020400","2,860","15.8","7.3","19.4","29.5","40.7","8.3","22.4","2.9"
"CT","09190020500","3,839","14.8","7.4","20.8","31.3","41.5","8.8","22.4","3.2"
"CT","09190020600","3,798","16.4","6.8","18.9","27.1","38.4","7.7","22.1","2.5"
"CT","09190020700","3,367","15.8","7.0","19.3","30.1","40.9","8.3","22.5","2.9"
"CT","09190020800","2,246","16.8","6.5","17.6","27.7","39.2","7.5","22.0","2.5"
"CT","09190020900","4,185","16.2","10.7","26.0","28.9","36.9","9.4","27.8","3.0"
"CT","09190021000","2,741","16.8","7.6","20.6","27.5","37.4","8.0","24.4","2.6"
"CT","09190021100","5,133","16.2","10.7","26.6","27.9","36.6","9.3","26.9","3.0"
"CT","09190021200","3,484","15.3","7.5","20.7","29.4","39.7","8.6","23.2","2.9"
"CT","09190021300","3,819","16.2","8.5","23.9","27.2","36.2","8.6","25.1","2.6"
"CT","09190021401","2,196","15.2","12.6","35.6","29.1","34.5","11.8","33.2","3.2"
"CT","09190021402","2,993","12.4","12.3","36.0","36.1","38.7","13.1","31.2","4.8"
"CT","09190021501","2,818","15.7","12.5","34.2","28.3","33.3","10.8","32.0","3.1"
"CT","09190021502","2,092","14.8","13.7","37.3","29.8","34.5","11.8","32.2","3.6"
"CT","09190021601","3,053","17.7","8.8","23.0","23.7","32.0","7.4","25.6","2.2"
"CT","09190021602","3,692","16.6","5.9","18.9","21.3","31.1","5.8","20.2","1.9"
"CT","09190021701","2,737","15.9","10.1","27.4","26.9","34.0","9.2","27.0","2.9"
"CT","09190021702","4,232","17.6","7.2","20.3","22.5","30.7","6.7","23.5","2.1"
"CT","09190021801","3,809","15.3","9.5","26.2","28.8","37.1","9.6","26.4","3.0"
"CT","09190021802","4,056","14.7","10.9","30.4","31.0","37.5","11.1","29.2","3.5"
"CT","09190021900","5,033","17.0","8.4","23.8","26.2","35.6","8.4","26.3","2.5"
"CT","09190022000","2,407","16.0","10.1","27.1","28.5","36.0","9.9","29.0","2.9"
"CT","09190022101","2,588","14.9","13.6","38.5","29.3","35.3","12.5","32.7","3.5"
"CT","09190022102","3,170","15.9","9.1","27.3","28.6","37.3","9.5","26.5","3.1"
"CT","09190022201","2,585","20.0","8.9","22.3","19.7","28.0","5.9","26.3","1.7"
"CT","09190022202","3,850","20.9","8.6","20.5","19.3","28.6","5.4","24.7","1.6"
"CT","09190022300","4,949","17.2","8.4","24.6","25.7","33.5","8.2","26.7","2.5"
"CT","09190022400","1,863","17.0","6.0","16.3","27.6","39.6","7.2","22.2","2.4"
"CT","09190030100","2,579","18.4","4.9","13.7","24.4","37.2","6.0","20.7","2.0"
"CT","09190030200","2,289","18.0","5.0","14.0","24.7","37.4","6.1","20.9","2.0"
"CT","09190030300","3,073","17.7","5.1","14.3","25.7","38.4","6.4","21.2","2.1"
"CT","09190030400","2,753","16.7","6.3","17.3","26.6","38.2","7.1","22.0","2.4"
"CT","09190030500","3,974","18.1","6.3","15.6","24.7","36.7","6.4","22.4","2.1"
"CT","09190035101","2,679","15.7","6.8","18.9","28.3","39.3","7.8","22.5","2.7"
"CT","09190035102","3,086","16.0","6.0","16.7","29.0","40.6","7.4","21.6","2.7"
"CT","09190035200","2,355","17.6","5.7","15.0","26.2","39.0","6.7","21.3","2.2"
"CT","09190035300","2,845","17.2","5.5","15.2","26.2","38.6","6.5","20.8","2.3"
"CT","09190035400","3,609","17.4","5.5","15.0","25.7","38.6","6.6","21.1","2.2"
"CT","09190042500","3,021","15.9","6.9","18.9","29.9","40.7","8.0","22.5","2.9"
"CT","09190042600","3,344","15.3","8.7","22.8","31.4","40.5","9.3","25.0","3.2"
"CT","09190042700","4,665","16.4","9.2","23.4","27.5","36.4","8.3","25.3","2.8"
"CT","09190042800","3,823","15.5","9.2","24.4","31.0","39.5","9.7","26.1","3.3"
"CT","09190042900","1,340","16.2","5.7","16.5","28.5","40.6","7.5","21.5","2.5"
"CT","09190043000","2,655","15.4","9.9","24.5","32.0","40.5","9.9","26.1","3.5"
"CT","09190043100","3,666","16.2","6.6","18.9","27.8","38.7","7.7","22.6","2.6"
"CT","09190043200","2,382","14.3","12.9","32.6","32.7","39.1","11.9","30.1","3.9"
"CT","09190043300","2,701","16.9","7.6","22.2","26.1","35.9","8.2","25.4","2.4"
"CT","09190043400","3,908","17.1","9.0","25.3","25.8","34.2","8.5","27.0","2.5"
"CT","09190043500","2,159","15.3","10.2","26.3","31.2","39.5","10.1","26.5","3.4"
"CT","09190043600","2,562","15.9","9.0","23.9","29.6","39.4","9.0","24.4","3.0"
"CT","09190043700","2,990","18.9","8.5","22.1","22.8","31.3","7.0","26.2","2.1"
"CT","09190043800","6,391","15.6","10.4","28.4","28.2","35.7","10.0","28.4","2.9"
"CT","09190043900","4,359","15.5","9.6","25.4","30.4","39.1","9.7","26.2","3.2"
"CT","09190044000","4,817","15.7","11.9","32.2","29.7","35.6","11.1","31.2","3.3"
"CT","09190044100","2,975","17.4","9.8","25.6","26.8","33.3","9.0","29.0","2.7"
"CT","09190044200","3,287","16.1","10.7","28.5","28.8","36.9","9.6","27.5","3.2"
"CT","09190044300","3,510","16.9","7.2","19.3","27.9","38.5","7.8","23.5","2.6"
"CT","09190044400","2,631","14.9","12.7","32.9","31.4","36.1","11.6","32.2","3.6"
"CT","09190044500","2,842","15.2","12.5","35.6","30.3","34.2","12.0","34.1","3.4"
"CT","09190044600","2,654","17.0","5.3","14.6","27.6","39.9","6.8","21.7","2.3"
"CT","09190045101","2,962","17.4","6.1","15.7","26.5","39.1","6.8","21.4","2.3"
"CT","09190045102","4,247","17.3","6.8","17.0","26.5","38.7","7.2","21.9","2.4"
"CT","09190045200","2,095","13.9","6.3","20.0","31.7","42.0","8.3","21.0","3.2"
"CT","09190045300","1,779","16.9","5.3","15.0","26.8","39.6","6.8","21.0","2.3"
"CT","09190045400","2,357","16.2","6.0","16.8","26.8","39.0","7.0","20.8","2.4"
"CT","09190050100","2,957","16.7","4.6","14.1","26.8","39.7","6.7","20.5","2.2"
"CT","09190050200","2,968","16.0","6.1","17.0","28.1","40.4","7.4","21.6","2.5"
"CT","09190050301","2,865","16.2","5.9","16.6","27.9","40.0","7.3","21.5","2.5"
"CT","09190050302","3,192","16.8","6.6","17.0","27.4","39.4","7.3","22.0","2.5"
"CT","09190050400","1,947","16.6","6.4","17.1","28.0","39.7","7.3","21.7","2.6"
"CT","09190050500","3,505","16.4","5.9","16.3","28.0","40.3","7.4","21.6","2.5"
"CT","09190050600","2,509","15.6","5.6","16.3","29.1","41.1","7.5","21.2","2.6"
"CT","09190055100","4,234","17.1","5.8","15.6","26.7","39.2","7.0","21.7","2.3"
"CT","09190055200","3,236","16.9","5.2","14.7","27.1","40.0","6.9","21.2","2.3"
"CT","09190200100","3,172","16.6","11.5","25.3","28.8","37.9","9.0","26.5","3.0"
"CT","09190200200","4,526","15.4","10.9","25.5","30.2","39.4","9.4","25.6","3.3"
"CT","09190200301","4,115","16.4","8.1","20.5","28.8","39.6","8.0","22.9","2.8"
"CT","09190200302","4,088","17.2","8.4","19.5","28.6","39.4","7.9","23.9","2.7"
"CT","09190205100","3,528","16.8","8.8","21.0","28.8","39.3","8.1","23.7","2.8"
"CT","09190205200","5,399","16.9","7.3","18.2","28.6","39.8","7.7","22.9","2.7"
"CT","09190205300","4,897","15.9","8.5","21.2","29.5","39.8","8.4","23.8","2.9"
"CT","09190210101","2,189","17.2","12.0","29.6","24.7","32.9","9.0","28.3","2.6"
"CT","09190210102","2,556","13.4","19.3","44.3","34.6","39.1","14.8","33.7","5.1"
"CT","09190210201","2,711","16.2","16.0","35.8","28.7","34.8","11.1","32.6","3.4"
"CT","09190210202","2,513","17.2","14.2","35.3","24.3","32.1","9.8","30.9","2.7"
"CT","09190210300","4,648","16.1","12.9","30.9","27.5","35.3","9.7","28.4","3.1"
"CT","09190210401","3,524","16.1","11.5","27.7","28.3","36.4","9.6","28.3","3.0"
"CT","09190210402","3,464","15.8","10.1","25.5","28.1","37.3","9.3","26.0","2.9"
"CT","09190210501","2,627","16.6","7.8","20.9","28.1","38.6","8.2","24.2","2.7"
"CT","09190210502","5,565","16.2","8.1","20.6","28.7","38.9","8.2","24.0","2.7"
"CT","09190210600","5,026","15.4","12.0","31.4","29.5","37.4","10.7","28.6","3.4"
"CT","09190210701","4,273","15.5","13.6","36.5","28.9","36.1","11.5","31.3","3.5"
"CT","09190210702","2,913","17.1","12.1","29.1","26.6","35.1","9.3","28.8","2.8"
"CT","09190210800","4,915","17.4","8.9","22.3","25.4","35.1","7.7","24.1","2.5"
"CT","09190210900","4,712","16.6","7.9","20.3","27.9","38.7","8.0","23.3","2.7"
"CT","09190211000","3,255","15.6","10.8","26.7","30.4","39.1","9.9","26.6","3.3"
"CT","09190211100","1,155","20.5","14.1","26.1","25.2","31.5","7.2","29.5","2.2"
"CT","09190211201","2,880","14.2","13.1","31.4","32.0","39.3","10.8","27.1","3.9"
"CT","09190211202","2,244","16.5","9.8","23.8","29.6","38.9","9.1","25.8","3.1"
"CT","09190211300","2,893","16.2","9.7","22.7","30.3","40.0","8.9","25.3","3.1"
"CT","09190211400","4,185","14.9","10.1","25.2","31.9","40.7","9.9","25.7","3.5"
"CT","09190220100","3,883","17.3","9.1","21.0","29.2","39.4","8.3","24.6","2.9"
"CT","09190220200","3,819","17.3","8.5","20.1","28.7","39.3","7.8","23.6","2.8"
"CT","09190220300","3,027","16.2","9.8","22.2","31.0","41.0","9.0","24.8","3.2"
"CT","09190230100","5,798","16.2","8.2","20.6","30.5","40.6","8.4","23.4","3.1"
"CT","09190230200","1,496","17.0","7.0","17.5","28.4","40.1","7.5","22.4","2.6"
"CT","09190230300","2,705","17.3","7.2","17.8","28.2","39.5","7.5","22.9","2.6"
"CT","09190230400","4,291","17.4","8.4","19.4","28.4","39.5","7.7","23.4","2.7"
"CT","09190230501","3,061","17.9","8.3","18.6","27.4","38.4","7.7","24.6","2.5"
"CT","09190230502","3,944","17.3","9.1","21.2","29.6","38.8","8.2","24.7","3.0"
"CT","09190240100","3,403","15.3","6.3","18.4","30.8","41.3","8.0","21.9","3.0"
"CT","09190240200","3,515","16.6","6.2","16.4","29.2","41.1","7.6","22.3","2.6"
"CT","09190245100","2,138","17.6","6.0","15.4","26.5","39.0","6.7","21.7","2.3"
"CT","09190245200","3,356","16.1","6.8","18.3","29.3","40.2","7.8","22.1","2.8"
"CT","09190245300","4,179","15.9","7.1","19.2","29.2","40.5","7.9","22.2","2.8"
"CT","09190245400","2,470","17.6","5.5","14.8","26.2","38.7","6.6","21.5","2.2"
"CT","09190245500","2,185","17.2","5.0","14.5","27.1","39.5","6.7","21.2","2.3"
"CT","09190245600","4,331","16.9","6.7","17.0","27.9","39.5","7.5","22.9","2.5"
"CT","09190250100","1,455","14.6","7.2","18.6","32.5","42.3","9.0","24.6","3.2"
"CT","09190253100","2,799","15.9","13.8","27.6","30.8","38.0","10.1","30.0","3.5"
"CT","09190253200","5,746","17.1","8.1","18.8","26.8","36.9","7.8","25.6","2.5"
"CT","09190253400","5,059","16.2","9.3","20.7","29.3","38.9","8.8","26.5","2.9"
"CT","09190253500","4,793","15.5","12.0","24.4","32.4","40.0","10.3","29.5","3.5"
"CT","09190257100","2,925","16.1","7.1","18.0","30.9","42.1","8.2","22.7","2.9"
"CT","09190425700","3,983","17.0","10.8","23.1","28.0","36.6","8.6","28.0","2.8"
