town_name,town_fips_2020,county_fips,county_name,town_fips_2022,region_fips,region_name
Andover,0901301080,09013,Tolland County,0911001080,09110,Capitol Planning Region
Ansonia,0900901220,09009,New Haven County,0914001220,09140,Naugatuck Valley Planning Region
Ashford,0901501430,09015,Windham County,0915001430,09150,Northeastern Connecticut Planning Region
Avon,0900302060,09003,Hartford County,0911002060,09110,Capitol Planning Region
Barkhamsted,0900502760,09005,Litchfield County,0916002760,09160,Northwest Hills Planning Region
Beacon Falls,0900903250,09009,New Haven County,0914003250,09140,Naugatuck Valley Planning Region
Berlin,0900304300,09003,Hartford County,0911004300,09110,Capitol Planning Region
Bethany,0900904580,09009,New Haven County,0917004580,09170,South Central Connecticut Planning Region
Bethel,0900104720,09001,Fairfield County,0919004720,09190,Western Connecticut Planning Region
Bethlehem,0900504930,09005,Litchfield County,0914004930,09140,Naugatuck Valley Planning Region
Bloomfield,0900305910,09003,Hartford County,0911005910,09110,Capitol Planning Region
Bolton,0901306260,09013,Tolland County,0911006260,09110,Capitol Planning Region
Bozrah,0901106820,09011,New London County,0918006820,09180,Southeastern Connecticut Planning Region
Branford,0900907310,09009,New Haven County,0917007310,09170,South Central Connecticut Planning Region
Bridgeport,0900108070,09001,Fairfield County,0912008070,09120,Greater Bridgeport Planning Region
Bridgewater,0900508210,09005,Litchfield County,0919008210,09190,Western Connecticut Planning Region
Bristol,0900308490,09003,Hartford County,0914008490,09140,Naugatuck Valley Planning Region
Brookfield,0900108980,09001,Fairfield County,0919008980,09190,Western Connecticut Planning Region
Brooklyn,0901509190,09015,Windham County,0915009190,09150,Northeastern Connecticut Planning Region
Burlington,0900310100,09003,Hartford County,0916010100,09160,Northwest Hills Planning Region
Canaan,0900510940,09005,Litchfield County,0916010940,09160,Northwest Hills Planning Region
Canterbury,0901512130,09015,Windham County,0915012130,09150,Northeastern Connecticut Planning Region
Canton,0900312270,09003,Hartford County,0911012270,09110,Capitol Planning Region
Chaplin,0901513810,09015,Windham County,0915013810,09150,Northeastern Connecticut Planning Region
Cheshire,0900914160,09009,New Haven County,0914014160,09140,Naugatuck Valley Planning Region
Chester,0900714300,09007,Middlesex County,0913014300,09130,Lower Connecticut River Valley Planning Region
Clinton,0900715350,09007,Middlesex County,0913015350,09130,Lower Connecticut River Valley Planning Region
Colchester,0901115910,09011,New London County,0918015910,09180,Southeastern Connecticut Planning Region
Colebrook,0900516050,09005,Litchfield County,0916016050,09160,Northwest Hills Planning Region
Columbia,0901316400,09013,Tolland County,0911016400,09110,Capitol Planning Region
Cornwall,0900517240,09005,Litchfield County,0916017240,09160,Northwest Hills Planning Region
Coventry,0901317800,09013,Tolland County,0911017800,09110,Capitol Planning Region
Cromwell,0900718080,09007,Middlesex County,0913018080,09130,Lower Connecticut River Valley Planning Region
Danbury,0900118500,09001,Fairfield County,0919018500,09190,Western Connecticut Planning Region
Darien,0900118850,09001,Fairfield County,0919018850,09190,Western Connecticut Planning Region
Deep River,0900719130,09007,Middlesex County,0913019130,09130,Lower Connecticut River Valley Planning Region
Derby,0900919550,09009,New Haven County,0914019550,09140,Naugatuck Valley Planning Region
Durham,0900720810,09007,Middlesex County,0913020810,09130,Lower Connecticut River Valley Planning Region
East Granby,0900322070,09003,Hartford County,0911022070,09110,Capitol Planning Region
East Haddam,0900722280,09007,Middlesex County,0913022280,09130,Lower Connecticut River Valley Planning Region
East Hampton,0900722490,09007,Middlesex County,0913022490,09130,Lower Connecticut River Valley Planning Region
East Hartford,0900322630,09003,Hartford County,0911022630,09110,Capitol Planning Region
East Haven,0900922910,09009,New Haven County,0917022910,09170,South Central Connecticut Planning Region
East Lyme,0901123400,09011,New London County,0918023400,09180,Southeastern Connecticut Planning Region
East Windsor,0900324800,09003,Hartford County,0911024800,09110,Capitol Planning Region
Eastford,0901521860,09015,Windham County,0915021860,09150,Northeastern Connecticut Planning Region
Easton,0900123890,09001,Fairfield County,0912023890,09120,Greater Bridgeport Planning Region
Ellington,0901325360,09013,Tolland County,0911025360,09110,Capitol Planning Region
Enfield,0900325990,09003,Hartford County,0911025990,09110,Capitol Planning Region
Essex,0900726270,09007,Middlesex County,0913026270,09130,Lower Connecticut River Valley Planning Region
Fairfield,0900126620,09001,Fairfield County,0912026620,09120,Greater Bridgeport Planning Region
Farmington,0900327600,09003,Hartford County,0911027600,09110,Capitol Planning Region
Franklin,0901129910,09011,New London County,0918029910,09180,Southeastern Connecticut Planning Region
Glastonbury,0900331240,09003,Hartford County,0911031240,09110,Capitol Planning Region
Goshen,0900532290,09005,Litchfield County,0916032290,09160,Northwest Hills Planning Region
Granby,0900332640,09003,Hartford County,0911032640,09110,Capitol Planning Region
Greenwich,0900133620,09001,Fairfield County,0919033620,09190,Western Connecticut Planning Region
Griswold,0901133900,09011,New London County,0918033900,09180,Southeastern Connecticut Planning Region
Groton,0901134250,09011,New London County,0918034250,09180,Southeastern Connecticut Planning Region
Guilford,0900934950,09009,New Haven County,0917034950,09170,South Central Connecticut Planning Region
Haddam,0900735230,09007,Middlesex County,0913035230,09130,Lower Connecticut River Valley Planning Region
Hamden,0900935650,09009,New Haven County,0917035650,09170,South Central Connecticut Planning Region
Hampton,0901536000,09015,Windham County,0915036000,09150,Northeastern Connecticut Planning Region
Hartford,0900337070,09003,Hartford County,0911037070,09110,Capitol Planning Region
Hartland,0900337140,09003,Hartford County,0916037140,09160,Northwest Hills Planning Region
Harwinton,0900537280,09005,Litchfield County,0916037280,09160,Northwest Hills Planning Region
Hebron,0901337910,09013,Tolland County,0911037910,09110,Capitol Planning Region
Kent,0900540290,09005,Litchfield County,0916040290,09160,Northwest Hills Planning Region
Killingly,0901540500,09015,Windham County,0915040500,09150,Northeastern Connecticut Planning Region
Killingworth,0900740710,09007,Middlesex County,0913040710,09130,Lower Connecticut River Valley Planning Region
Lebanon,0901142390,09011,New London County,0918042390,09180,Southeastern Connecticut Planning Region
Ledyard,0901142600,09011,New London County,0918042600,09180,Southeastern Connecticut Planning Region
Lisbon,0901143230,09011,New London County,0918043230,09180,Southeastern Connecticut Planning Region
Litchfield,0900543370,09005,Litchfield County,0916043370,09160,Northwest Hills Planning Region
Lyme,0901144210,09011,New London County,0913044210,09130,Lower Connecticut River Valley Planning Region
Madison,0900944560,09009,New Haven County,0917044560,09170,South Central Connecticut Planning Region
Manchester,0900344700,09003,Hartford County,0911044700,09110,Capitol Planning Region
Mansfield,0901344910,09013,Tolland County,0911044910,09110,Capitol Planning Region
Marlborough,0900345820,09003,Hartford County,0911045820,09110,Capitol Planning Region
Meriden,0900946520,09009,New Haven County,0917046520,09170,South Central Connecticut Planning Region
Middlebury,0900946940,09009,New Haven County,0914046940,09140,Naugatuck Valley Planning Region
Middlefield,0900747080,09007,Middlesex County,0913047080,09130,Lower Connecticut River Valley Planning Region
Middletown,0900747360,09007,Middlesex County,0913047360,09130,Lower Connecticut River Valley Planning Region
Milford,0900947535,09009,New Haven County,0917047535,09170,South Central Connecticut Planning Region
Monroe,0900148620,09001,Fairfield County,0912048620,09120,Greater Bridgeport Planning Region
Montville,0901148900,09011,New London County,0918048900,09180,Southeastern Connecticut Planning Region
Morris,0900549460,09005,Litchfield County,0916049460,09160,Northwest Hills Planning Region
Naugatuck,0900949950,09009,New Haven County,0914049950,09140,Naugatuck Valley Planning Region
New Britain,0900350440,09003,Hartford County,0911050440,09110,Capitol Planning Region
New Canaan,0900150580,09001,Fairfield County,0919050580,09190,Western Connecticut Planning Region
New Fairfield,0900150860,09001,Fairfield County,0919050860,09190,Western Connecticut Planning Region
New Hartford,0900551350,09005,Litchfield County,0916051350,09160,Northwest Hills Planning Region
New Haven,0900952070,09009,New Haven County,0917052070,09170,South Central Connecticut Planning Region
New London,0901152350,09011,New London County,0918052350,09180,Southeastern Connecticut Planning Region
New Milford,0900552630,09005,Litchfield County,0919052630,09190,Western Connecticut Planning Region
Newington,0900352140,09003,Hartford County,0911052140,09110,Capitol Planning Region
Newtown,0900152980,09001,Fairfield County,0919052980,09190,Western Connecticut Planning Region
Norfolk,0900553470,09005,Litchfield County,0916053470,09160,Northwest Hills Planning Region
North Branford,0900953890,09009,New Haven County,0917053890,09170,South Central Connecticut Planning Region
North Canaan,0900554030,09005,Litchfield County,0916054030,09160,Northwest Hills Planning Region
North Haven,0900954870,09009,New Haven County,0917054870,09170,South Central Connecticut Planning Region
North Stonington,0901155500,09011,New London County,0918055500,09180,Southeastern Connecticut Planning Region
Norwalk,0900156060,09001,Fairfield County,0919056060,09190,Western Connecticut Planning Region
Norwich,0901156270,09011,New London County,0918056270,09180,Southeastern Connecticut Planning Region
Old Lyme,0901157040,09011,New London County,0913057040,09130,Lower Connecticut River Valley Planning Region
Old Saybrook,0900757320,09007,Middlesex County,0913057320,09130,Lower Connecticut River Valley Planning Region
Orange,0900957600,09009,New Haven County,0917057600,09170,South Central Connecticut Planning Region
Oxford,0900958300,09009,New Haven County,0914058300,09140,Naugatuck Valley Planning Region
Plainfield,0901559980,09015,Windham County,0915059980,09150,Northeastern Connecticut Planning Region
Plainville,0900360120,09003,Hartford County,0911060120,09110,Capitol Planning Region
Plymouth,0900560750,09005,Litchfield County,0914060750,09140,Naugatuck Valley Planning Region
Pomfret,0901561030,09015,Windham County,0915061030,09150,Northeastern Connecticut Planning Region
Portland,0900761800,09007,Middlesex County,0913061800,09130,Lower Connecticut River Valley Planning Region
Preston,0901162150,09011,New London County,0918062150,09180,Southeastern Connecticut Planning Region
Prospect,0900962290,09009,New Haven County,0914062290,09140,Naugatuck Valley Planning Region
Putnam,0901562710,09015,Windham County,0915062710,09150,Northeastern Connecticut Planning Region
Redding,0900163480,09001,Fairfield County,0919063480,09190,Western Connecticut Planning Region
Ridgefield,0900163970,09001,Fairfield County,0919063970,09190,Western Connecticut Planning Region
Rocky Hill,0900365370,09003,Hartford County,0911065370,09110,Capitol Planning Region
Roxbury,0900565930,09005,Litchfield County,0916065930,09160,Northwest Hills Planning Region
Salem,0901166210,09011,New London County,0918066210,09180,Southeastern Connecticut Planning Region
Salisbury,0900566420,09005,Litchfield County,0916066420,09160,Northwest Hills Planning Region
Scotland,0901567400,09015,Windham County,0915067400,09150,Northeastern Connecticut Planning Region
Seymour,0900967610,09009,New Haven County,0914067610,09140,Naugatuck Valley Planning Region
Sharon,0900567960,09005,Litchfield County,0916067960,09160,Northwest Hills Planning Region
Shelton,0900168170,09001,Fairfield County,0914068170,09140,Naugatuck Valley Planning Region
Sherman,0900168310,09001,Fairfield County,0919068310,09190,Western Connecticut Planning Region
Simsbury,0900368940,09003,Hartford County,0911068940,09110,Capitol Planning Region
Somers,0901369220,09013,Tolland County,0911069220,09110,Capitol Planning Region
South Windsor,0900371390,09003,Hartford County,0911071390,09110,Capitol Planning Region
Southbury,0900969640,09009,New Haven County,0914069640,09140,Naugatuck Valley Planning Region
Southington,0900370550,09003,Hartford County,0911070550,09110,Capitol Planning Region
Sprague,0901171670,09011,New London County,0918071670,09180,Southeastern Connecticut Planning Region
Stafford,0901372090,09013,Tolland County,0911072090,09110,Capitol Planning Region
Stamford,0900173070,09001,Fairfield County,0919073070,09190,Western Connecticut Planning Region
Sterling,0901573420,09015,Windham County,0915073420,09150,Northeastern Connecticut Planning Region
Stonington,0901173770,09011,New London County,0918073770,09180,Southeastern Connecticut Planning Region
Stratford,0900174190,09001,Fairfield County,0912074190,09120,Greater Bridgeport Planning Region
Suffield,0900374540,09003,Hartford County,0911074540,09110,Capitol Planning Region
Thomaston,0900575730,09005,Litchfield County,0914075730,09140,Naugatuck Valley Planning Region
Thompson,0901575870,09015,Windham County,0915075870,09150,Northeastern Connecticut Planning Region
Tolland,0901376290,09013,Tolland County,0911076290,09110,Capitol Planning Region
Torrington,0900576570,09005,Litchfield County,0916076570,09160,Northwest Hills Planning Region
Trumbull,0900177200,09001,Fairfield County,0912077200,09120,Greater Bridgeport Planning Region
Union,0901377830,09013,Tolland County,0915077830,09150,Northeastern Connecticut Planning Region
Vernon,0901378250,09013,Tolland County,0911078250,09110,Capitol Planning Region
Voluntown,0901178600,09011,New London County,0915078600,09150,Northeastern Connecticut Planning Region
Wallingford,0900978740,09009,New Haven County,0917078740,09170,South Central Connecticut Planning Region
Warren,0900579510,09005,Litchfield County,0916079510,09160,Northwest Hills Planning Region
Washington,0900579720,09005,Litchfield County,0916079720,09160,Northwest Hills Planning Region
Waterbury,0900980070,09009,New Haven County,0914080070,09140,Naugatuck Valley Planning Region
Waterford,0901180280,09011,New London County,0918080280,09180,Southeastern Connecticut Planning Region
Watertown,0900580490,09005,Litchfield County,0914080490,09140,Naugatuck Valley Planning Region
West Hartford,0900382590,09003,Hartford County,0911082590,09110,Capitol Planning Region
West Haven,0900982870,09009,New Haven County,0917082870,09170,South Central Connecticut Planning Region
Westbrook,0900781680,09007,Middlesex County,0913081680,09130,Lower Connecticut River Valley Planning Region
Weston,0900183430,09001,Fairfield County,0919083430,09190,Western Connecticut Planning Region
Westport,0900183500,09001,Fairfield County,0919083500,09190,Western Connecticut Planning Region
Wethersfield,0900384900,09003,Hartford County,0911084900,09110,Capitol Planning Region
Willington,0901385950,09013,Tolland County,0911085950,09110,Capitol Planning Region
Wilton,0900186370,09001,Fairfield County,0919086370,09190,Western Connecticut Planning Region
Winchester,0900586440,09005,Litchfield County,0916086440,09160,Northwest Hills Planning Region
Windham,0901586790,09015,Windham County,0918086790,09180,Southeastern Connecticut Planning Region
Windsor,0900387000,09003,Hartford County,0911087000,09110,Capitol Planning Region
Windsor Locks,0900387070,09003,Hartford County,0911087070,09110,Capitol Planning Region
Wolcott,0900987560,09009,New Haven County,0914087560,09140,Naugatuck Valley Planning Region
Woodbridge,0900987700,09009,New Haven County,0917087700,09170,South Central Connecticut Planning Region
Woodbury,0900587910,09005,Litchfield County,0914087910,09140,Naugatuck Valley Planning Region
Woodstock,0901588190,09015,Windham County,0915088190,09150,Northeastern Connecticut Planning Region
