fips,county,state,binge_drinking_prevalence,smoking_prevalence,physical_inactivity,hypertension_prevalence,high_cholesterol_prevalence,diabetes_prevalence,obesity_prevalence,stroke_prevalence
36001,Albany,NY,18.4,10.5,21.2,31.7,34.9,9.2,29.8,3.0
36003,Allegany,NY,17.4,13.8,25.5,35.5,37.8,11.1,34.4,3.7
36005,Bronx,NY,14.1,13.2,38.1,36.5,37.4,16.1,33.5,4.4
36007,Broome,NY,15.9,13.2,24.4,35.0,34.4,10.9,33.1,3.7
36009,Cattaraugus,NY,16.7,16.5,28.4,38.1,40.0,12.1,35.7,4.1
36011,Cayuga,NY,16.4,15.1,28.1,36.8,39.3,11.8,35.7,3.9
36013,Chautauqua,NY,16.4,14.9,27.8,37.3,38.8,12.6,36.3,4.0
36015,Chemung,NY,15.9,14.9,26.5,36.8,38.0,11.5,30.7,3.8
36017,Chenango,NY,16.2,15.3,27.8,37.1,38.9,12.3,36.3,4.1
36019,Clinton,NY,16.5,14.4,26.7,34.1,35.7,10.7,33.2,3.5
36021,Columbia,NY,15.5,12.4,24.6,37.0,41.9,11.8,30.8,3.9
36023,Cortland,NY,18.7,12.8,23.8,31.1,35.1,9.3,30.5,3.1
36025,Delaware,NY,16.1,14.5,28.6,39.6,39.2,12.5,32.8,4.3
36027,Dutchess,NY,15.3,11.0,21.6,33.4,36.1,9.9,28.2,3.1
36029,Erie,NY,17.4,12.4,24.8,33.0,37.0,10.8,32.8,3.4
36031,Essex,NY,16.2,13.5,25.8,37.9,39.6,11.8,34.8,4.0
36033,Franklin,NY,16.8,16.3,28.9,36.4,37.3,12.2,40.7,3.9
36035,Fulton,NY,16.4,16.0,28.5,38.3,38.2,12.1,35.8,4.0
36037,Genesee,NY,16.8,13.5,24.8,35.1,37.8,10.7,30.2,3.5
36039,Greene,NY,17.0,13.5,26.2,36.6,40.1,11.7,34.4,3.9
36041,Hamilton,NY,14.3,13.4,27.0,41.5,43.9,13.4,31.0,4.5
36043,Herkimer,NY,17.9,14.6,28.1,36.4,38.5,11.3,37.0,3.9
36045,Jefferson,NY,20.2,13.9,25.4,30.8,32.3,10.0,37.8,3.1
36047,Kings,NY,16.8,12.1,26.2,30.4,37.2,12.0,25.1,3.6
36049,Lewis,NY,17.2,15.1,27.8,36.3,39.5,11.8,40.9,3.9
36051,Livingston,NY,18.3,12.3,23.1,33.7,37.7,10.1,30.8,3.4
36053,Madison,NY,17.0,12.5,22.7,33.7,38.2,10.3,36.4,3.4
36055,Monroe,NY,17.4,11.6,25.4,33.7,34.3,11.2,31.4,3.3
36057,Montgomery,NY,16.9,15.2,27.7,35.3,36.5,11.5,38.8,3.8
36059,Nassau,NY,15.1,8.5,23.2,31.8,39.3,10.1,28.4,2.9
36061,New York,NY,21.0,8.2,20.4,27.2,36.8,8.9,19.2,2.7
36063,Niagara,NY,16.2,13.7,26.3,37.0,36.1,11.3,39.5,3.7
36065,Oneida,NY,16.9,14.2,28.1,36.6,38.0,11.5,36.1,3.7
36067,Onondaga,NY,16.4,11.9,23.1,35.6,35.3,10.9,36.9,3.4
36069,Ontario,NY,16.6,11.5,22.0,34.1,36.8,10.5,30.7,3.4
36071,Orange,NY,15.1,12.0,26.0,31.9,34.3,11.2,32.2,3.2
36073,Orleans,NY,16.6,15.7,28.3,35.7,37.8,11.7,32.9,3.9
36075,Oswego,NY,17.5,15.7,28.5,35.2,36.7,11.2,36.4,3.7
36077,Otsego,NY,16.7,12.1,24.2,32.1,37.0,10.2,29.9,3.4
36079,Putnam,NY,17.2,9.6,21.6,30.4,37.7,9.7,27.5,2.9
36081,Queens,NY,13.5,10.9,31.0,33.6,41.2,14.3,24.0,3.5
36083,Rensselaer,NY,17.5,11.9,23.2,32.1,36.1,9.9,31.5,3.1
36085,Richmond,NY,13.9,12.1,26.5,34.1,41.2,11.9,30.3,3.2
36087,Rockland,NY,15.7,11.4,27.2,32.3,36.0,11.3,30.5,3.4
36089,St. Lawrence,NY,18.6,15.3,28.0,36.5,36.6,11.9,41.8,3.8
36091,Saratoga,NY,17.0,10.6,19.8,32.3,38.2,9.6,33.1,3.0
36093,Schenectady,NY,16.2,12.1,22.6,33.0,35.7,10.2,34.3,3.3
36095,Schoharie,NY,16.9,13.4,25.3,36.8,39.3,11.3,32.4,3.8
36097,Schuyler,NY,16.3,15.1,26.2,37.8,38.9,12.4,31.7,4.1
36099,Seneca,NY,16.4,15.3,28.4,36.4,38.4,11.6,34.7,4.0
36101,Steuben,NY,17.4,14.6,26.2,35.7,38.7,11.5,34.8,3.8
36103,Suffolk,NY,16.5,9.6,24.1,31.7,39.4,10.0,29.7,3.0
36105,Sullivan,NY,15.6,13.7,28.7,35.8,37.6,12.1,31.9,3.7
36107,Tioga,NY,16.3,13.9,26.1,36.9,39.6,11.3,30.5,3.8
36109,Tompkins,NY,18.4,9.0,17.9,26.1,29.7,7.6,24.6,2.4
36111,Ulster,NY,15.1,11.8,24.1,37.0,37.4,10.9,30.5,3.5
36113,Warren,NY,15.4,12.2,23.5,35.8,38.3,11.2,31.0,3.6
36115,Washington,NY,16.4,14.7,26.7,36.2,40.7,11.2,31.4,3.8
36117,Wayne,NY,16.4,13.9,26.0,34.0,38.0,11.2,37.4,3.7
36119,Westchester,NY,15.1,9.2,22.0,29.8,36.5,10.5,26.0,3.0
36121,Wyoming,NY,17.5,15.1,26.1,36.6,38.4,11.2,35.6,3.7
36123,Yates,NY,17.1,14.8,26.6,35.8,38.7,11.6,33.9,4.0
34001,Atlantic,NJ,14.5,12.9,27.9,36.1,41.6,12.7,30.7,3.7
34003,Bergen,NJ,15.6,8.4,21.7,32.5,41.3,9.7,25.6,2.8
34005,Burlington,NJ,15.9,10.9,23.6,34.0,40.0,10.5,30.2,3.1
34007,Camden,NJ,16.6,13.1,26.3,33.4,37.8,11.4,29.8,3.3
34009,Cape May,NJ,15.3,11.8,22.9,38.9,45.9,11.7,33.5,3.9
34011,Cumberland,NJ,14.7,16.5,32.8,38.8,39.0,13.5,40.4,4.0
34013,Essex,NJ,14.8,12.4,28.9,31.7,38.4,12.0,29.6,3.6
34015,Gloucester,NJ,16.6,11.9,23.4,36.6,39.2,10.3,31.5,3.0
34017,Hudson,NJ,16.4,10.6,27.9,28.6,36.4,10.5,27.9,2.6
34019,Hunterdon,NJ,16.2,8.8,19.4,31.7,39.5,9.2,26.3,2.8
34021,Mercer,NJ,14.2,10.5,24.4,31.2,37.2,11.1,25.4,3.1
34023,Middlesex,NJ,14.6,10.0,25.3,33.2,38.8,11.6,29.9,2.8
34025,Monmouth,NJ,16.0,9.7,19.5,32.9,39.7,9.8,30.4,2.9
34027,Morris,NJ,17.6,8.4,19.2,31.0,40.0,9.0,22.8,2.6
34029,Ocean,NJ,14.5,13.3,25.8,35.0,42.8,11.4,29.8,3.6
34031,Passaic,NJ,15.7,12.3,31.2,32.4,37.4,12.7,31.0,3.4
34033,Salem,NJ,16.0,14.7,27.9,37.4,39.6,11.9,34.0,3.8
34035,Somerset,NJ,13.3,8.2,20.8,30.6,39.3,10.1,26.3,2.6
34037,Sussex,NJ,16.9,11.2,21.3,33.3,39.5,9.5,26.9,2.9
34039,Union,NJ,15.1,11.4,25.5,33.7,37.8,11.6,29.7,3.2
34041,Warren,NJ,16.2,11.6,25.0,34.5,39.8,10.0,32.5,3.2
09001,Fairfield,CT,16.016122825194774,9.2,24.0,29.1,37.9,9.1,25.8,3.0
09003,Hartford,CT,15.49770445386691,11.4,26.0,33.0,39.4,11.4,32.1,3.3
09005,Litchfield,CT,15.650577762560987,10.7,23.1,31.5,39.7,9.6,27.8,3.3
09007,Middlesex,CT,16.107348712706735,9.9,21.0,33.3,38.7,9.4,29.1,3.2
09009,New Haven,CT,14.51451966297826,11.3,27.2,33.3,38.5,10.6,33.8,3.3
09011,New London,CT,15.270420243221066,10.4,25.2,34.7,36.3,9.7,31.9,3.2
09013,Tolland,CT,15.588377136198861,9.7,19.8,29.3,36.5,8.2,30.4,2.8
09015,Windham,CT,16.177997212394125,13.5,28.3,34.7,37.1,10.7,34.0,3.4
