name,address,latitude,longitude
Arnot Ogden Medical Center,"600 Roe Ave, Elmira, NY 14905",42.09931599,-76.82674305
Auburn Community Hospital,"17 Lansing St, Auburn, NY 13021",42.94082145,-76.56457698
BronxCare Health Systems,"1650 Grand Concourse, Bronx, NY 10457",40.84439724,-73.91125392
Brooklyn Hospital Center,"121 Dekalb Ave, Brooklyn, NY 11201",40.68964572,-73.97220892
Canton-Potsdam Hospital,"50 Leroy St, Potsdam, NY 13676",44.67602339,-74.98153053
Cayuga Medical Center,"101 Dates Dr, Ithaca, NY 14850",42.4708633,-76.53760492
Columbia Memorial Hospital,"71 Prospect Ave, Hudson, NY 12534",42.2459799,-73.77730146
Ellis Hospital,"1101 Nott St, Schenectady, NY 12308",42.81988076,-73.91902062
F.F. Thompson Hospital,"350 Parrish St, Canandaigua, NY 14424",42.87486536,-77.29023511
Flushing Hospital Medical Center,"4500 Parsons Blvd, Flushing, NY 11355",40.75554686,-73.8156293
Garnet Health Medical Center,"707 E Main St, Middletown, NY 10940",41.43992404,-74.36751296
Garnet Health Medical Center- Catskills- Harris Campus,"68 Harris-Bushville Rd, Harris, NY 12742",41.70962325,-74.73726311
Geneva General Hospital,"196 North St, Geneva, NY 14456",42.87575167,-76.9879933
Glen Cove Hospital,"101 St Andrews Ln, Glen Cove, NY 11542",40.87173575,-73.62149997
Glens Falls Hospital,"100 Park St, Glens Falls, NY 12801",43.30726532,-73.64609883
Good Samaritan Hospital Of Suffern,"255 Lafayette Ave, Suffern, NY 10901",41.11223877,-74.13511272
Guthrie Corning Hospital,"1 Guthrie Dr, Corning, NY 14830",42.13585332,-76.969488
Guthrie Cortland Medical Center,"134 Homer Ave, Cortland, NY 13045",42.60754553,-76.18607417
HealthAlliance Hospital Mary's Ave Campus,"105 Marys Ave, Kingston, NY 12401",41.92255323,-73.99956334
Highland Hospital,"1000 South Ave, Rochester, NY 14620",43.13576472,-77.60751475
Huntington Hospital,"270 Park Ave, Huntington, NY 11743",40.87917653,-73.41741418
John T Mather Memorial Hospital,"75 N Country Rd, Port Jefferson, NY 11777",40.93972604,-73.05321714
Jones Memorial Hospital,"191 N Main St, Wellsville, NY 14895",42.12300142,-77.95011229
Kenmore Mercy Hospital,"2950 Elmwood Ave, Buffalo, NY 14217",42.97793978,-78.87875655
Long Island Community Hospital,"101 Hospital Rd, Patchogue, NY 11772",40.78033949,-72.97816513
Long Island Jewish Forest Hills (Forest Hills Hospital),"102-01 66th Rd, Forest Hills, NY 11375",40.72854879,-73.8516872
Long Island Jewish Medical Center,"270-05 76th Ave, New Hyde Park, NY 11040",40.75333388,-73.70688286
Long Island Jewish Valley Stream,"900 Franklin Ave, Valley Stream, NY 11580",40.68166883,-73.68577805
Maimonides Midwood Community Hospital,"2525 Kings Hwy, Brooklyn, NY 11229",40.61325536,-73.9489297
Mary Imogene Bassett Hospital,"1 Atwell Rd, Cooperstown, NY 13326",42.69610879,-74.92404653
Mercy Hospital,"1000 N Village Ave, Rockville Centre, NY 11570",40.68801485,-73.63120564
Millard Fillmore Suburban Hospital,"1540 Maple Rd, Williamsville, NY 14221",42.99116915,-78.72988752
Montefiore Hospital Nyack,"160 N Midland Ave, Nyack, NY 10960",41.09669792,-73.92478799
Montefiore Medical Center - Jack D Weiler,"1825 Eastchester Rd, Bronx, NY 10461",40.85027345,-73.84494524
Montefiore Mount Vernon Hospital,"12 N 7th Ave, Mount Vernon, NY 10550",40.91286854,-73.84011775
Montefiore New Rochelle Hospital,"16 Guion Pl, New Rochelle, NY 10801",40.91297527,-73.78711175
Montefiore- St Luke's Cornwall Hospital,"70 Dubois St, Newburgh, NY 12550",41.5034572,-74.0151053
Mount Sinai Brooklyn,"3201 Kings Hwy, Brooklyn, NY 11234",40.61775495,-73.94321569
Mount Sinai Hospital of Queens,"25-10 30th Ave, Astoria, NY 11102",40.76840701,-73.92476881
Mount Sinai Morningside,"419 W 114th St, New York, NY 10025",40.80491951,-73.96043367
Mount Sinai South Nassau Hospital,"1 Healthy Way, Oceanside, NY 11572",40.65186887,-73.63006151
Mount St. Mary's Hospital and Health Center,"5300 Military Rd, Lewiston, NY 14092",43.15280574,-79.02878295
Nassau University Medical Center,"2201 Hempstead Tpke, East Meadow, NY 11554",40.72536551,-73.55387561
Newark-Wayne Community Hospital,"1200 Driving Park Ave, Newark, NY 14513",43.06002226,-77.09991615
NewYork-Presbyterian Allen Hospital,"5141 Broadway, New York, NY 10034",40.87278949,-73.91227144
NewYork-Presbyterian Hospital Lower Manhattan,"170 William St, New York, NY 10038",40.71040415,-74.00549304
NewYork-Presbyterian Hudson Valley Hospital,"1980 Crompond Rd, Cortlandt Manor, NY 10567",41.2914472,-73.89200125
NewYork-Presbyterian Westchester (Lawrence Hospital),"55 Palmer Ave, Bronxville, NY 10708",40.94155765,-73.83714356
Niagara Falls Memorial Medical Center,"621 10th St, Niagara Falls, NY 14301",43.09346949,-79.05035074
Nicholas H Noyes Memorial Hospital,"111 Clara Barton St, Dansville, NY 14437",42.55243085,-77.70041241
Northern Dutchess Hospital,"6511 Spring Brook Ave, Rhinebeck, NY 12572",41.93397722,-73.91265828
Northern Westchester Hospital,"400 Main St, Mount Kisco, NY 10549",41.19844821,-73.72495363
NYC Health + Hospitals/Harlem,"506 Lenox Ave, New York, NY 10037",40.81479823,-73.94026422
NYC Health + Hospitals/Jacobi,"1400 Pelham Pkwy S, Bronx, NY 10461",40.85744772,-73.84764512
NYC Health + Hospitals/Queens,"82-68 164th St, Jamaica, NY 11432",40.7172374,-73.80349785
NYC Health + Hospitals/Woodhull,"760 Broadway, Brooklyn, NY 11206",40.70045708,-73.94158723
Olean General Hospital,"515 Main St, Olean, NY 14760",42.08982405,-78.42688917
Our Lady Of Lourdes Memorial Hospital Inc,"169 Riverside Dr, Binghamton, NY 13905",42.09265207,-75.93589511
Peconic Bay Medical Center,"1 Heroes Way, Riverhead, NY 11901",40.93427582,-72.67373345
Plainview Hospital,"888 Old Country Rd, Plainview, NY 11803",40.77519273,-73.47810458
Putnam Hospital,"670 Stoneleigh Ave, Carmel, NY 10512",41.38795676,-73.66367131
Rome Health,"1500 N James St, Rome, NY 13440",43.22897783,-75.44414242
Samaritan Hospital,"2215 Burdett Ave, Troy, NY 12180",42.73409711,-73.6713273
Samaritan Medical Center,"830 Washington St, Watertown, NY 13601",43.96473585,-75.91284628
Saratoga Hospital,"211 Church St, Saratoga Springs, NY 12866",43.08484473,-73.79621464
SBH Health System/St. Barnabas Hospital,"4422 3rd Ave, Bronx, NY 10457",40.85384297,-73.89106678
St. Catherine of Siena Medical Center,"50 Route 25A, Smithtown, NY 11787",40.86764204,-73.22021809
St. Charles Hospital,"200 Belle Terre Rd, Port Jefferson, NY 11777",40.94773289,-73.06034676
St John's Episcopal Hospital South Shore,"327 Beach 19th St, Far Rockaway, NY 11691",40.59803396,-73.7530278
St. Johns Riverside Hospital - Andrus Pavilion,"967 N Broadway, Yonkers, NY 10701",40.96748547,-73.88528762
St. Joseph Hospital,"4295 Hempstead Tpke, Bethpage, NY 11714",40.72586459,-73.47850626
St. Josephs Hospital Health Center,"301 Prospect Ave, Syracuse, NY 13203",43.05514853,-76.14891418
St. Joseph's Medical Center,"127 S Broadway, Yonkers, NY 10701",40.93006987,-73.89760618
St. Peter's Hospital,"315 S Manning Blvd, Albany, NY 12208",42.65382597,-73.80644701
Staten Island University Hospital - South,"375 Seguine Ave, Staten Island, NY 10309",40.51740197,-74.19687733
Stony Brook Eastern Long Island Hospital,"201 Manor Place, Greenport, NY 11944",41.11113114,-72.36087207
Stony Brook Southampton Hospital,"240 Meeting House Ln, Southampton, NY 11968",40.8857465,-72.3806666
Syosset Hospital,"221 Jericho Turnpike, Syosset, NY 11791",40.81020537,-73.50907967
Unity Hospital of Rochester,"1555 Long Pond Rd, Rochester, NY 14626",43.19183376,-77.70154225
United Memorial Medical Center North Street Campus,"127 North St, Batavia, NY 14020",43.00397861,-78.17707126
University Hospital of Brooklyn (SUNY Downstate),"445 Lenox Rd, Brooklyn, NY 11203",40.65461601,-73.94357464
Wyckoff Heights Medical Center,"374 Stockholm St, Brooklyn, NY 11237",40.70467625,-73.91757784
